,Date,Open,High,Low,Close
0,2016/9/13,14.288,14.288,14.288,14.288
1,2016/9/19,14.346,14.375,14.336,14.365
2,2016/9/20,14.491,14.491,14.491,14.491
3,2016/9/22,14.888,14.898,14.801,14.83
4,2016/9/23,14.84,14.84,14.752,14.782
5,2016/9/26,14.665,14.665,14.549,14.549
6,2016/9/27,14.685,16.147,14.627,14.723
7,2016/9/28,14.801,14.82,14.723,14.82
8,2016/9/29,14.82,14.82,14.762,14.772
9,2016/9/30,14.791,14.82,14.714,14.82
10,2016/10/3,14.869,14.869,14.704,14.762
11,2016/10/4,14.898,14.898,14.762,14.762
12,2016/10/5,14.888,14.917,14.888,14.898
13,2016/10/6,14.908,14.908,14.811,14.849
14,2016/10/7,14.859,14.869,14.811,14.859
15,2016/10/10,14.946,14.956,14.917,14.927
16,2016/10/11,14.966,14.966,14.811,14.811
17,2016/10/12,14.82,14.82,14.694,14.752
18,2016/10/13,14.598,14.636,14.52,14.636
19,2016/10/14,14.685,14.694,14.636,14.636
20,2016/10/17,14.694,14.723,14.665,14.685
21,2016/10/18,14.878,14.878,14.791,14.801
22,2016/10/19,14.869,14.869,14.762,14.772
23,2016/10/20,14.772,14.811,14.762,14.811
24,2016/10/21,14.791,14.811,14.791,14.811
25,2016/10/24,14.946,14.946,14.791,14.811
26,2016/10/25,14.762,14.762,14.665,14.685
27,2016/10/26,14.665,14.694,14.646,14.685
28,2016/10/27,14.617,14.617,14.52,14.52
29,2016/10/28,14.578,14.607,14.539,14.578
30,2016/10/31,14.617,14.617,14.539,14.539
31,2016/11/1,14.559,14.559,14.472,14.472
32,2016/11/2,14.433,14.433,14.336,14.336
33,2016/11/3,14.51,14.51,14.356,14.394
34,2016/11/4,14.414,14.414,14.269,14.346
35,2016/11/7,14.588,14.588,14.491,14.501
36,2016/11/8,14.51,14.578,14.491,14.569
37,2016/11/9,14.327,14.598,14.327,14.578
38,2016/11/10,14.714,14.762,14.598,14.704
39,2016/11/11,14.685,14.704,14.665,14.685
40,2016/11/14,14.675,14.743,14.665,14.743
41,2016/11/15,14.694,14.782,14.694,14.782
42,2016/11/16,14.675,14.675,14.598,14.607
43,2016/11/17,14.772,14.859,14.704,14.859
44,2016/11/18,14.772,14.772,14.636,14.646
45,2016/11/21,14.694,14.733,14.646,14.694
46,2016/11/22,14.733,14.733,14.646,14.675
47,2016/11/23,14.675,14.704,14.569,14.704
48,2016/11/25,14.714,14.723,14.665,14.714
49,2016/11/28,14.772,14.772,14.665,14.704
50,2016/11/29,14.665,14.733,14.656,14.714
51,2016/11/30,14.665,14.714,14.559,14.598
52,2016/12/1,14.627,14.627,14.414,14.423
53,2016/12/2,14.346,14.356,14.22,14.356
54,2016/12/5,14.462,14.549,14.462,14.51
55,2016/12/6,14.501,14.51,14.404,14.482
56,2016/12/7,14.53,14.685,14.472,14.646
57,2016/12/8,14.752,14.752,14.636,14.733
58,2016/12/9,14.752,14.752,14.646,14.714
59,2016/12/12,14.704,14.704,14.549,14.559
60,2016/12/13,14.675,14.694,14.636,14.665
61,2016/12/14,14.656,14.656,14.423,14.423
62,2016/12/15,14.423,14.452,14.414,14.452
63,2016/12/16,14.462,14.462,14.356,14.375
64,2016/12/19,14.375,14.491,14.375,14.472
65,2016/12/20,14.53,14.53,14.462,14.491
66,2016/12/21,14.52,14.52,14.433,14.472
67,2016/12/22,14.491,14.491,14.423,14.433
68,2016/12/23,14.588,14.607,14.423,14.462
69,2016/12/27,14.501,14.501,14.443,14.462
70,2016/12/28,14.596,14.606,14.47,14.519
71,2016/12/29,14.509,14.509,14.451,14.451
72,2016/12/30,14.432,14.587,14.432,14.528
73,2017/1/3,14.635,14.635,14.538,14.625
74,2017/1/4,14.79,14.839,14.722,14.839
75,2017/1/5,14.935,15.023,14.848,14.867
76,2017/1/6,14.906,14.916,14.848,14.887
77,2017/1/9,14.964,14.964,14.819,14.848
78,2017/1/10,14.926,14.926,14.867,14.906
79,2017/1/11,14.984,15.013,14.926,15.013
80,2017/1/12,15.1,15.1,14.964,15.052
81,2017/1/13,15.11,15.148,15.061,15.139
82,2017/1/17,15.197,15.197,15.013,15.032
83,2017/1/18,15.032,15.061,14.926,15.023
84,2017/1/19,15.168,15.216,15.013,15.09
85,2017/1/20,15.313,15.313,15.168,15.168
86,2017/1/23,15.294,15.294,15.197,15.284
87,2017/1/24,15.42,15.497,15.303,15.497
88,2017/1/25,15.817,15.865,15.73,15.855
89,2017/1/26,16.03,16.03,15.855,15.875
90,2017/1/27,15.933,15.933,15.788,15.817
91,2017/1/30,15.817,15.817,15.623,15.759
92,2017/1/31,15.836,15.836,15.7,15.797
93,2017/2/1,16.02,16.02,15.875,15.952
94,2017/2/2,15.894,15.894,15.788,15.875
95,2017/2/3,15.952,15.952,15.884,15.923
96,2017/2/6,15.894,15.894,15.73,15.836
97,2017/2/7,15.933,15.933,15.836,15.846
98,2017/2/8,15.923,15.923,15.826,15.846
99,2017/2/9,15.933,15.933,15.759,15.807
100,2017/2/10,16.01,16.01,15.884,15.914
101,2017/2/13,16.156,16.156,16.01,16.078
102,2017/2/14,16.069,16.098,15.933,16.098
103,2017/2/15,16.098,16.117,15.991,16.088
104,2017/2/16,16.127,16.127,16.01,16.078
105,2017/2/17,16.098,16.175,16.078,16.175
106,2017/2/21,16.233,16.253,16.194,16.214
107,2017/2/22,16.214,16.214,16.136,16.175
108,2017/2/23,16.33,16.33,16.185,16.233
109,2017/2/24,16.224,16.224,16.03,16.078
110,2017/2/27,16.127,16.136,16.001,16.098
111,2017/2/28,16.136,16.146,16.069,16.069
112,2017/3/1,16.243,16.349,16.224,16.33
113,2017/3/2,16.301,16.301,16.175,16.204
114,2017/3/3,16.262,16.262,16.117,16.185
115,2017/3/6,16.146,16.204,16.069,16.117
116,2017/3/7,16.088,16.088,16.02,16.049
117,2017/3/8,16.098,16.127,16.049,16.069
118,2017/3/9,16.107,16.107,16.03,16.049
119,2017/3/10,16.107,16.233,16.107,16.204
120,2017/3/13,16.466,16.504,16.427,16.456
121,2017/3/14,16.466,16.466,16.34,16.378
122,2017/3/15,16.446,16.572,16.369,16.524
123,2017/3/16,16.688,16.708,16.572,16.582
124,2017/3/17,16.717,16.746,16.65,16.727
125,2017/3/20,16.795,16.795,16.708,16.746
126,2017/3/21,16.863,16.872,16.591,16.591
127,2017/3/22,16.591,16.611,16.495,16.591
128,2017/3/23,16.621,16.737,16.601,16.688
129,2017/3/24,16.737,16.805,16.688,16.746
130,2017/3/27,16.717,16.814,16.659,16.775
131,2017/3/28,16.892,16.931,16.824,16.882
132,2017/3/29,16.902,16.902,16.824,16.882
133,2017/3/30,16.902,16.902,16.824,16.834
134,2017/3/31,16.805,16.824,16.717,16.814
135,2017/4/3,16.824,16.824,16.708,16.775
136,2017/4/4,16.727,16.727,16.63,16.688
137,2017/4/5,16.785,16.824,16.688,16.688
138,2017/4/6,16.621,16.621,16.562,16.572
139,2017/4/7,16.621,16.679,16.591,16.659
140,2017/4/10,16.63,16.659,16.562,16.582
141,2017/4/11,16.562,16.562,16.466,16.543
142,2017/4/12,16.543,16.543,16.427,16.466
143,2017/4/13,16.466,16.466,16.369,16.388
144,2017/4/17,16.466,16.495,16.398,16.495
145,2017/4/18,16.446,16.456,16.369,16.417
146,2017/4/19,16.475,16.659,16.475,16.659
147,2017/4/20,16.717,16.766,16.659,16.727
148,2017/4/21,16.727,16.727,16.659,16.688
149,2017/4/24,16.902,17.008,16.814,17.008
150,2017/4/25,17.008,17.008,16.95,16.989
151,2017/4/26,17.037,17.144,17.037,17.144
152,2017/4/27,17.212,17.221,17.192,17.212
153,2017/4/28,17.289,17.395,17.212,17.395
154,2017/5/1,17.415,17.454,17.357,17.425
155,2017/5/2,17.454,17.454,17.366,17.395
156,2017/5/3,17.347,17.386,17.27,17.386
157,2017/5/4,17.405,17.444,17.347,17.425
158,2017/5/5,17.502,17.57,17.434,17.57
159,2017/5/8,17.628,17.628,17.57,17.599
160,2017/5/9,17.618,17.618,17.502,17.541
161,2017/5/10,17.609,17.609,17.483,17.531
162,2017/5/11,17.551,17.551,17.405,17.454
163,2017/5/12,17.531,17.551,17.473,17.521
164,2017/5/15,17.618,17.657,17.56,17.609
165,2017/5/16,17.725,17.725,17.628,17.676
166,2017/5/17,17.657,17.657,17.434,17.444
167,2017/5/18,17.425,17.425,17.279,17.405
168,2017/5/19,17.589,17.696,17.56,17.657
169,2017/5/22,17.715,17.851,17.715,17.841
170,2017/5/23,17.88,17.88,17.812,17.851
171,2017/5/24,17.851,17.851,17.783,17.802
172,2017/5/25,17.967,17.967,17.899,17.938
173,2017/5/26,17.928,17.928,17.851,17.918
174,2017/5/30,17.967,18.005,17.918,18.005
175,2017/5/31,18.093,18.093,17.957,18.025
176,2017/6/1,18.141,18.296,18.083,18.296
177,2017/6/2,18.393,18.509,18.364,18.509
178,2017/6/5,18.558,18.558,18.509,18.558
179,2017/6/6,18.49,18.558,18.422,18.461
180,2017/6/7,18.538,18.538,18.442,18.5
181,2017/6/8,18.5,18.5,18.403,18.49
182,2017/6/9,18.5,18.5,18.267,18.345
183,2017/6/12,18.209,18.209,18.025,18.151
184,2017/6/13,18.199,18.248,18.17,18.238
185,2017/6/14,18.277,18.287,18.151,18.209
186,2017/6/15,17.928,17.977,17.86,17.957
187,2017/6/16,17.977,18.054,17.947,18.044
188,2017/6/19,18.151,18.257,18.151,18.257
189,2017/6/20,18.316,18.345,18.228,18.257
190,2017/6/21,18.316,18.345,18.267,18.325
191,2017/6/22,18.354,18.354,18.287,18.325
192,2017/6/23,18.393,18.393,18.316,18.345
193,2017/6/26,18.432,18.471,18.345,18.345
194,2017/6/27,18.374,18.374,18.228,18.248
195,2017/6/28,18.209,18.296,18.141,18.267
196,2017/6/29,18.267,18.267,17.977,18.054
197,2017/6/30,18.132,18.132,18.035,18.073
198,2017/7/3,18.161,18.161,17.986,17.986
199,2017/7/5,17.996,17.996,17.909,17.967
200,2017/7/6,17.928,17.947,17.831,17.88
201,2017/7/7,17.909,18.054,17.909,18.044
202,2017/7/10,18.073,18.161,18.064,18.141
203,2017/7/11,18.219,18.277,18.17,18.277
204,2017/7/12,18.413,18.5,18.393,18.49
205,2017/7/13,18.548,18.548,18.432,18.48
206,2017/7/14,18.568,18.655,18.519,18.655
207,2017/7/17,18.722,18.722,18.577,18.597
208,2017/7/18,18.616,18.684,18.597,18.674
209,2017/7/19,18.722,18.742,18.674,18.713
210,2017/7/20,18.838,18.838,18.693,18.819
211,2017/7/21,18.945,18.974,18.887,18.964
212,2017/7/24,18.974,18.984,18.877,18.955
213,2017/7/25,18.994,19.003,18.936,18.984
214,2017/7/26,19.09,19.1,19.032,19.09
215,2017/7/27,19.207,19.274,19.081,19.168
216,2017/7/28,19.168,19.284,19.129,19.284
217,2017/7/31,19.323,19.323,19.178,19.255
218,2017/8/1,19.333,19.352,19.274,19.313
219,2017/8/2,19.449,19.449,19.323,19.42
220,2017/8/3,19.41,19.439,19.371,19.391
221,2017/8/4,19.381,19.4,19.304,19.391
222,2017/8/7,19.391,19.478,19.352,19.468
223,2017/8/8,19.507,19.507,19.391,19.439
224,2017/8/9,19.371,19.458,19.313,19.458
225,2017/8/10,19.381,19.391,19.12,19.129
226,2017/8/11,19.081,19.12,19.013,19.09
227,2017/8/14,19.265,19.371,19.245,19.371
228,2017/8/15,19.41,19.42,19.323,19.381
229,2017/8/16,19.4,19.468,19.4,19.468
230,2017/8/17,19.565,19.604,19.4,19.439
231,2017/8/18,19.439,19.507,19.352,19.42
232,2017/8/21,19.468,19.468,19.342,19.391
233,2017/8/22,19.517,19.633,19.488,19.633
234,2017/8/23,19.633,19.672,19.613,19.672
235,2017/8/24,19.662,19.681,19.575,19.613
236,2017/8/25,19.604,19.623,19.546,19.546
237,2017/8/28,19.633,19.642,19.584,19.642
238,2017/8/29,19.613,19.672,19.604,19.672
239,2017/8/30,19.652,19.739,19.642,19.73
240,2017/8/31,19.739,19.865,19.73,19.856
241,2017/9/1,19.982,20.011,19.904,19.972
242,2017/9/5,19.856,19.943,19.769,19.885
243,2017/9/6,19.982,19.982,19.904,19.943
244,2017/9/7,20.049,20.098,20.011,20.098
245,2017/9/8,20.214,20.243,20.146,20.214
246,2017/9/11,20.437,20.495,20.417,20.476
247,2017/9/12,20.601,20.611,20.534,20.611
248,2017/9/13,20.611,20.611,20.514,20.534
249,2017/9/14,20.534,20.611,20.456,20.611
250,2017/9/15,20.669,20.756,20.64,20.756
251,2017/9/18,20.853,20.96,20.824,20.94
252,2017/9/19,21.047,21.057,20.96,21.057
253,2017/9/20,21.173,21.192,21.028,21.173
254,2017/9/21,20.979,20.979,20.747,20.824
255,2017/9/22,20.824,20.824,20.747,20.776
256,2017/9/25,20.853,20.873,20.689,20.756
257,2017/9/26,20.669,20.718,20.534,20.553
258,2017/9/27,20.64,20.756,20.621,20.756
259,2017/9/28,20.776,20.902,20.747,20.902
260,2017/9/29,20.998,21.076,20.97,21.066
261,2017/10/2,21.192,21.231,21.153,21.231
262,2017/10/3,21.308,21.386,21.279,21.386
263,2017/10/4,21.415,21.454,21.367,21.444
264,2017/10/5,21.405,21.405,21.308,21.386
265,2017/10/6,21.241,21.279,21.192,21.26
266,2017/10/9,21.396,21.405,21.308,21.376
267,2017/10/10,21.483,21.512,21.405,21.483
268,2017/10/11,21.541,21.599,21.512,21.599
269,2017/10/12,21.706,21.783,21.667,21.744
270,2017/10/13,21.996,22.093,21.986,22.074
271,2017/10/16,22.151,22.18,22.132,22.161
272,2017/10/17,22.209,22.354,22.18,22.354
273,2017/10/18,22.287,22.354,22.229,22.354
274,2017/10/19,22.161,22.229,22.035,22.229
275,2017/10/20,22.345,22.413,22.287,22.374
276,2017/10/23,22.626,22.713,22.587,22.655
277,2017/10/24,22.635,22.916,22.606,22.907
278,2017/10/25,22.926,22.926,22.567,22.723
279,2017/10/26,22.703,22.732,21.948,22.219
280,2017/10/27,22.2,22.345,22.083,22.335
281,2017/10/30,22.539,22.567,22.471,22.558
282,2017/10/31,22.703,22.877,22.703,22.858
283,2017/11/1,23.033,23.033,22.858,22.907
284,2017/11/2,22.858,22.877,22.616,22.819
285,2017/11/3,22.868,22.897,22.781,22.897
286,2017/11/6,23.052,23.091,22.907,23.061
287,2017/11/7,23.255,23.343,23.207,23.343
288,2017/11/8,23.594,23.594,23.449,23.536
289,2017/11/9,23.323,23.41,23.003,23.216
290,2017/11/10,23.246,23.333,23.207,23.304
291,2017/11/13,23.061,23.139,22.955,23.139
292,2017/11/14,23.061,23.139,23.013,23.081
293,2017/11/15,22.8,22.848,22.635,22.8
294,2017/11/16,23.129,23.323,23.1,23.294
295,2017/11/17,23.333,23.391,23.304,23.313
296,2017/11/20,23.42,23.536,23.391,23.488
297,2017/11/21,23.73,23.827,23.73,23.827
298,2017/11/22,24.011,24.088,23.865,23.952
299,2017/11/24,24.166,24.185,24.069,24.108
300,2017/11/27,24.069,24.108,24.02,24.03
301,2017/11/28,23.933,23.962,23.836,23.914
302,2017/11/29,23.846,23.885,23.352,23.43
303,2017/11/30,23.246,23.265,23.033,23.158
304,2017/12/1,23.207,23.207,22.81,23.091
305,2017/12/4,23.1,23.158,22.597,22.626
306,2017/12/5,22.645,22.713,22.48,22.539
307,2017/12/6,22.403,22.539,22.374,22.5
308,2017/12/7,22.567,22.79,22.567,22.771
309,2017/12/8,22.916,22.936,22.761,22.848
310,2017/12/11,22.761,22.79,22.674,22.742
311,2017/12/12,22.597,22.655,22.548,22.597
312,2017/12/13,22.422,22.471,22.354,22.403
313,2017/12/14,22.471,22.48,22.296,22.306
314,2017/12/15,22.471,22.616,22.451,22.577
315,2017/12/18,22.907,23.003,22.907,22.994
316,2017/12/19,22.965,22.965,22.79,22.81
317,2017/12/20,22.945,22.955,22.819,22.868
318,2017/12/21,22.877,22.974,22.877,22.936
319,2017/12/22,22.994,23.033,22.897,23.023
320,2017/12/26,22.955,23.149,22.955,23.129
321,2017/12/27,23.11,23.207,23.061,23.168
322,2017/12/28,23.17,23.17,23.054,23.102
323,2017/12/29,23.17,23.17,22.957,22.957
324,2018/1/2,23.112,23.247,23.063,23.247
325,2018/1/3,23.344,23.722,23.344,23.722
326,2018/1/4,24.119,24.139,24.022,24.061
327,2018/1/5,24.245,24.352,24.187,24.332
328,2018/1/8,24.371,24.555,24.352,24.507
329,2018/1/9,24.565,24.652,24.507,24.584
330,2018/1/10,24.584,24.768,24.555,24.739
331,2018/1/11,24.826,24.962,24.807,24.962
332,2018/1/12,25.146,25.369,25.088,25.359
333,2018/1/16,25.911,26.076,25.708,25.776
334,2018/1/17,25.95,26.182,25.853,26.144
335,2018/1/18,26.037,26.105,25.979,26.076
336,2018/1/19,26.299,26.405,26.299,26.405
337,2018/1/22,26.299,26.444,26.231,26.444
338,2018/1/23,26.386,26.56,26.386,26.521
339,2018/1/24,26.483,26.483,26.124,26.289
340,2018/1/25,26.25,26.289,26.057,26.144
341,2018/1/26,26.25,26.425,26.173,26.425
342,2018/1/29,26.299,26.318,26.153,26.25
343,2018/1/30,25.795,25.872,25.582,25.689
344,2018/1/31,25.766,25.824,25.611,25.64
345,2018/2/1,25.698,25.921,25.669,25.834
346,2018/2/2,25.534,25.534,25.127,25.136
347,2018/2/5,24.507,24.691,23.247,23.644
348,2018/2/6,23.344,24.255,22.821,24.206
349,2018/2/7,24.09,24.4,24.022,24.09
350,2018/2/8,23.984,24.013,23.054,23.063
351,2018/2/9,23.441,23.441,22.463,23.16
352,2018/2/12,23.451,23.703,23.267,23.596
353,2018/2/13,23.199,23.344,23.034,23.315
354,2018/2/14,22.937,23.654,22.918,23.644
355,2018/2/15,23.935,24.022,23.712,24.013
356,2018/2/16,24.032,24.168,23.925,24.013
357,2018/2/20,23.877,24.08,23.79,23.887
358,2018/2/21,24.129,24.284,23.897,23.906
359,2018/2/22,23.984,24.148,23.916,23.945
360,2018/2/23,24.1,24.226,24.003,24.216
361,2018/2/26,24.361,24.449,24.216,24.439
362,2018/2/27,24.487,24.555,24.235,24.245
363,2018/2/28,24.235,24.255,23.867,23.867
364,2018/3/1,23.703,23.722,23.063,23.209
365,2018/3/2,23.054,23.499,22.889,23.461
366,2018/3/5,23.16,23.548,23.131,23.48
367,2018/3/6,23.906,23.974,23.79,23.925
368,2018/3/7,23.538,23.635,23.403,23.615
369,2018/3/8,23.741,23.79,23.664,23.78
370,2018/3/9,23.954,24.119,23.887,24.11
371,2018/3/12,24.216,24.342,24.206,24.274
372,2018/3/13,24.429,24.497,24.11,24.158
373,2018/3/14,24.429,24.439,24.216,24.313
374,2018/3/15,24.458,24.526,24.342,24.419
375,2018/3/16,24.265,24.313,24.168,24.206
376,2018/3/19,23.964,24.052,23.538,23.732
377,2018/3/20,23.596,23.751,23.557,23.683
378,2018/3/21,23.635,23.838,23.586,23.664
379,2018/3/22,23.741,23.809,23.373,23.383
380,2018/3/23,23.141,23.199,22.618,22.628
381,2018/3/26,23.073,23.276,22.85,23.276
382,2018/3/27,23.519,23.577,22.812,22.928
383,2018/3/28,23.025,23.083,22.763,22.937
384,2018/3/29,23.073,23.577,23.063,23.431
385,2018/4/2,23.257,23.373,22.695,22.87
386,2018/4/3,22.928,23.025,22.763,22.995
387,2018/4/4,22.298,22.686,22.201,22.647
388,2018/4/5,22.782,22.821,22.628,22.763
389,2018/4/6,22.502,22.599,22.153,22.23
390,2018/4/9,22.279,22.453,22.182,22.182
391,2018/4/10,22.628,22.87,22.608,22.812
392,2018/4/11,22.879,23.122,22.87,22.966
393,2018/4/12,22.937,23.122,22.908,23.044
394,2018/4/13,23.151,23.18,22.947,23.025
395,2018/4/16,23.093,23.131,23.015,23.073
396,2018/4/17,23.189,23.383,23.122,23.354
397,2018/4/18,23.557,23.77,23.528,23.703
398,2018/4/19,23.712,23.712,23.461,23.538
399,2018/4/20,23.373,23.383,23.247,23.306
400,2018/4/23,23.286,23.335,23.054,23.112
401,2018/4/24,23.257,23.335,22.802,22.928
402,2018/4/25,22.666,22.695,22.434,22.589
403,2018/4/26,22.773,22.792,22.628,22.725
404,2018/4/27,22.618,22.666,22.453,22.472
405,2018/4/30,22.482,22.608,22.376,22.376
406,2018/5/1,22.308,22.337,22.153,22.318
407,2018/5/2,22.308,22.376,22.211,22.25
408,2018/5/3,22.182,22.337,21.988,22.298
409,2018/5/4,22.221,22.54,22.162,22.502
410,2018/5/7,22.56,22.734,22.54,22.657
411,2018/5/8,22.725,22.841,22.666,22.821
412,2018/5/9,22.802,22.899,22.734,22.841
413,2018/5/10,23.005,23.063,22.986,23.054
414,2018/5/11,23.122,23.247,23.112,23.16
415,2018/5/14,23.17,23.296,23.17,23.218
416,2018/5/15,22.937,22.957,22.715,22.753
417,2018/5/16,22.734,22.831,22.695,22.753
418,2018/5/17,22.744,22.85,22.715,22.753
419,2018/5/18,22.947,22.947,22.841,22.85
420,2018/5/21,23.034,23.131,22.986,23.054
421,2018/5/22,23.238,23.247,23.034,23.063
422,2018/5/23,22.831,22.995,22.773,22.976
423,2018/5/24,22.734,22.782,22.56,22.763
424,2018/5/25,22.705,22.763,22.666,22.715
425,2018/5/29,22.54,22.618,22.424,22.502
426,2018/5/30,22.444,22.666,22.444,22.618
427,2018/5/31,22.608,22.618,22.472,22.511
428,2018/6/1,22.521,22.782,22.521,22.725
429,2018/6/4,22.821,22.908,22.812,22.879
430,2018/6/5,22.87,22.908,22.802,22.889
431,2018/6/6,22.725,22.821,22.676,22.812
432,2018/6/7,22.87,22.889,22.628,22.725
433,2018/6/8,22.686,22.773,22.657,22.763
434,2018/6/11,22.773,22.957,22.773,22.937
435,2018/6/12,22.899,22.937,22.821,22.86
436,2018/6/13,22.899,22.899,22.676,22.734
437,2018/6/14,22.686,22.734,22.54,22.657
438,2018/6/15,22.424,22.472,22.318,22.385
439,2018/6/18,22.114,22.134,22.017,22.104
440,2018/6/19,21.853,21.853,21.659,21.795
441,2018/6/20,22.008,22.066,21.969,22.017
442,2018/6/21,22.124,22.124,21.911,21.959
443,2018/6/22,22.104,22.153,21.969,21.979
444,2018/6/25,21.707,21.746,21.339,21.455
445,2018/6/26,21.543,21.668,21.485,21.581
446,2018/6/27,21.504,21.639,21.271,21.271
447,2018/6/28,21.213,21.407,21.155,21.368
448,2018/6/29,21.407,21.475,21.31,21.32
449,2018/7/2,21.039,21.252,20.981,21.233
450,2018/7/3,21.271,21.349,21.204,21.223
451,2018/7/5,20.894,20.991,20.797,20.991
452,2018/7/6,21.068,21.252,21.049,21.204
453,2018/7/9,21.32,21.417,21.31,21.417
454,2018/7/10,21.581,21.698,21.572,21.698
455,2018/7/11,21.359,21.465,21.262,21.271
456,2018/7/12,21.378,21.485,21.32,21.485
457,2018/7/13,21.446,21.504,21.407,21.455
458,2018/7/16,21.455,21.543,21.417,21.426
459,2018/7/17,21.029,21.233,21.029,21.223
460,2018/7/18,21.213,21.281,21.165,21.281
461,2018/7/19,21.329,21.397,21.281,21.388
462,2018/7/20,21.291,21.359,21.262,21.271
463,2018/7/23,21.165,21.223,21.087,21.145
464,2018/7/24,21.504,21.543,21.291,21.349
465,2018/7/25,21.446,21.717,21.329,21.707
466,2018/7/26,21.707,21.95,21.688,21.93
467,2018/7/27,22.075,22.143,21.882,21.95
468,2018/7/30,21.862,21.92,21.591,21.601
469,2018/7/31,21.562,21.717,21.533,21.61
470,2018/8/1,21.659,21.698,21.523,21.601
471,2018/8/2,21.349,21.533,21.329,21.523
472,2018/8/3,21.513,21.552,21.475,21.523
473,2018/8/6,21.465,21.465,21.397,21.446
474,2018/8/7,21.601,21.601,21.407,21.436
475,2018/8/8,21.591,21.678,21.504,21.649
476,2018/8/9,21.698,21.843,21.698,21.775
477,2018/8/10,21.513,21.591,21.465,21.523
478,2018/8/13,21.359,21.436,21.213,21.233
479,2018/8/14,21.213,21.31,21.194,21.271
480,2018/8/15,20.942,21.0,20.719,20.874
481,2018/8/16,21.01,21.087,20.971,21.02
482,2018/8/17,21.107,21.213,20.981,21.136
483,2018/8/20,21.155,21.213,21.107,21.194
484,2018/8/21,21.281,21.436,21.242,21.388
485,2018/8/22,21.446,21.639,21.446,21.591
486,2018/8/23,21.475,21.591,21.475,21.513
487,2018/8/24,21.485,21.572,21.485,21.572
488,2018/8/27,21.785,21.969,21.785,21.959
489,2018/8/28,22.201,22.24,22.153,22.211
490,2018/8/29,22.211,22.356,22.201,22.356
491,2018/8/30,22.24,22.347,22.23,22.259
492,2018/8/31,22.25,22.347,22.25,22.327
493,2018/9/4,22.027,22.075,21.95,22.027
494,2018/9/5,21.833,21.862,21.591,21.727
495,2018/9/6,21.727,21.823,21.562,21.659
496,2018/9/7,21.32,21.494,21.252,21.368
497,2018/9/10,21.504,21.543,21.417,21.513
498,2018/9/11,21.359,21.455,21.252,21.388
499,2018/9/12,21.291,21.329,21.145,21.281
500,2018/9/13,21.417,21.504,21.368,21.465
501,2018/9/14,21.833,21.95,21.795,21.95
502,2018/9/17,21.979,22.017,21.891,21.93
503,2018/9/18,21.988,22.23,21.988,22.221
504,2018/9/19,22.269,22.376,22.269,22.298
505,2018/9/20,22.395,22.414,22.269,22.347
506,2018/9/21,22.424,22.511,22.337,22.347
507,2018/9/24,22.395,22.395,22.25,22.347
508,2018/9/25,22.308,22.308,22.182,22.25
509,2018/9/26,22.221,22.347,22.172,22.192
510,2018/9/27,22.017,22.124,21.979,22.056
511,2018/9/28,22.017,22.211,22.017,22.162
512,2018/10/1,22.395,22.492,22.347,22.376
513,2018/10/2,22.279,22.327,22.192,22.24
514,2018/10/3,22.201,22.201,22.056,22.066
515,2018/10/4,22.066,22.066,21.62,21.707
516,2018/10/5,21.601,21.727,21.271,21.407
517,2018/10/8,21.213,21.262,20.961,21.175
518,2018/10/9,20.836,20.961,20.777,20.855
519,2018/10/10,20.564,20.564,19.809,19.809
520,2018/10/11,19.722,19.954,19.344,19.441
521,2018/10/12,19.877,20.012,19.644,19.935
522,2018/10/15,19.925,19.954,19.683,19.809
523,2018/10/16,20.119,20.477,20.099,20.438
524,2018/10/17,20.584,20.584,20.322,20.448
525,2018/10/18,20.148,20.157,19.683,19.77
526,2018/10/19,19.848,19.925,19.547,19.567
527,2018/10/22,19.644,19.731,19.528,19.654
528,2018/10/23,19.131,19.421,18.927,19.295
529,2018/10/24,19.024,19.131,18.288,18.288
530,2018/10/25,18.395,18.646,18.317,18.55
531,2018/10/26,18.123,18.404,17.862,18.181
532,2018/10/29,18.346,18.433,17.629,17.842
533,2018/10/30,17.988,18.559,17.988,18.559
534,2018/10/31,19.111,19.228,18.985,19.102
535,2018/11/1,19.208,19.324,18.937,19.315
536,2018/11/2,19.857,20.012,19.635,19.789
537,2018/11/5,19.76,19.77,19.538,19.702
538,2018/11/6,19.654,19.789,19.644,19.76
539,2018/11/7,19.877,20.07,19.809,20.061
540,2018/11/8,19.809,19.838,19.644,19.702
541,2018/11/9,19.412,19.45,19.189,19.324
542,2018/11/12,19.305,19.315,18.879,18.889
543,2018/11/13,18.985,19.208,18.889,18.966
544,2018/11/14,19.131,19.189,18.792,18.937
545,2018/11/15,18.801,19.169,18.714,19.121
546,2018/11/16,18.666,18.879,18.578,18.801
547,2018/11/19,18.889,18.966,18.453,18.463
548,2018/11/20,18.017,18.317,17.939,18.065
549,2018/11/21,18.385,18.53,18.346,18.414
550,2018/11/23,18.162,18.356,18.162,18.21
551,2018/11/26,18.55,18.743,18.53,18.743
552,2018/11/27,18.656,18.705,18.55,18.627
553,2018/11/28,18.879,19.237,18.772,19.228
554,2018/11/29,19.14,19.266,19.024,19.131
555,2018/11/30,19.082,19.121,18.976,19.092
556,2018/12/3,19.499,19.528,19.363,19.47
557,2018/12/4,19.237,19.266,18.472,18.472
558,2018/12/6,17.93,18.114,17.629,18.094
559,2018/12/7,18.026,18.094,17.571,17.649
560,2018/12/10,17.523,17.649,17.251,17.562
561,2018/12/11,17.562,17.6,17.193,17.31
562,2018/12/12,17.62,17.852,17.503,17.639
563,2018/12/13,17.707,17.804,17.513,17.532
564,2018/12/14,17.242,17.3,17.077,17.106
565,2018/12/17,16.971,17.019,16.632,16.738
566,2018/12/18,16.913,17.048,16.796,16.855
567,2018/12/19,16.98,17.097,16.525,16.641
568,2018/12/20,16.506,16.602,16.186,16.331
569,2018/12/21,16.206,16.293,15.866,15.876
570,2018/12/24,15.653,15.799,15.508,15.557
571,2018/12/26,15.779,16.273,15.682,16.254
572,2018/12/27,16.079,16.322,15.827,16.322
573,2018/12/28,16.461,16.598,16.323,16.441
574,2018/12/31,16.5,16.549,16.372,16.451
575,2019/1/2,16.284,16.588,16.215,16.529
576,2019/1/3,16.372,16.411,16.009,16.087
577,2019/1/4,16.127,16.638,16.127,16.598
578,2019/1/7,16.716,17.001,16.716,16.873
579,2019/1/8,17.149,17.188,16.903,17.1
580,2019/1/9,17.188,17.384,17.178,17.345
581,2019/1/10,17.149,17.345,17.1,17.345
582,2019/1/11,17.188,17.198,17.1,17.178
583,2019/1/14,17.119,17.149,17.001,17.07
584,2019/1/15,17.443,17.542,17.365,17.453
585,2019/1/16,17.571,17.709,17.552,17.601
586,2019/1/17,17.404,17.738,17.306,17.689
587,2019/1/18,17.925,18.092,17.866,18.082
588,2019/1/22,17.758,17.758,17.424,17.483
589,2019/1/23,17.601,17.689,17.365,17.483
590,2019/1/24,17.62,17.817,17.581,17.778
591,2019/1/25,18.072,18.2,18.053,18.19
592,2019/1/28,17.925,17.945,17.807,17.876
593,2019/1/29,17.738,17.778,17.601,17.62
594,2019/1/30,17.758,18.013,17.669,17.964
595,2019/1/31,18.043,18.22,17.974,18.141
596,2019/2/1,18.24,18.279,18.151,18.19
597,2019/2/4,18.259,18.357,18.18,18.357
598,2019/2/5,18.515,18.583,18.465,18.554
599,2019/2/6,18.554,18.632,18.534,18.593
600,2019/2/7,18.573,18.573,18.289,18.367
601,2019/2/8,18.082,18.2,17.905,18.19
602,2019/2/11,18.2,18.279,18.18,18.259
603,2019/2/12,18.672,18.898,18.642,18.898
604,2019/2/13,19.006,19.094,18.986,19.035
605,2019/2/14,18.927,19.045,18.829,18.976
606,2019/2/15,19.124,19.291,19.104,19.291
607,2019/2/19,19.291,19.428,19.202,19.33
608,2019/2/20,19.369,19.488,19.35,19.468
609,2019/2/21,19.419,19.428,19.301,19.36
610,2019/2/22,19.517,19.596,19.517,19.586
611,2019/2/25,19.802,19.861,19.753,19.773
612,2019/2/26,19.723,19.773,19.664,19.694
613,2019/2/27,19.497,19.586,19.389,19.497
614,2019/2/28,19.32,19.32,19.183,19.183
615,2019/3/1,19.32,19.428,19.291,19.428
616,2019/3/4,19.576,19.605,19.301,19.419
617,2019/3/5,19.409,19.478,19.36,19.36
618,2019/3/6,19.399,19.419,19.183,19.183
619,2019/3/7,18.918,18.967,18.701,18.721
620,2019/3/8,18.524,18.682,18.397,18.672
621,2019/3/11,18.77,19.075,18.77,19.055
622,2019/3/12,19.144,19.301,19.144,19.242
623,2019/3/13,19.193,19.428,19.193,19.369
624,2019/3/14,19.32,19.32,19.193,19.242
625,2019/3/15,19.389,19.478,19.379,19.409
626,2019/3/18,19.448,19.566,19.448,19.566
627,2019/3/19,19.704,19.733,19.586,19.654
628,2019/3/20,19.625,19.782,19.517,19.625
629,2019/3/21,19.527,19.812,19.517,19.802
630,2019/3/22,19.831,19.831,19.428,19.428
631,2019/3/25,19.369,19.497,19.291,19.438
632,2019/3/26,19.664,19.753,19.547,19.654
633,2019/3/27,19.645,19.704,19.32,19.478
634,2019/3/28,19.537,19.645,19.478,19.645
635,2019/3/29,19.664,19.743,19.635,19.733
636,2019/4/1,19.969,20.126,19.949,20.126
637,2019/4/2,20.244,20.274,20.175,20.254
638,2019/4/3,20.598,20.716,20.539,20.618
639,2019/4/4,20.628,20.686,20.549,20.667
640,2019/4/5,20.765,20.853,20.745,20.853
641,2019/4/8,20.814,20.844,20.696,20.844
642,2019/4/9,20.824,20.844,20.765,20.765
643,2019/4/10,20.814,20.922,20.804,20.922
644,2019/4/11,20.922,20.932,20.834,20.853
645,2019/4/12,21.07,21.079,20.971,21.05
646,2019/4/15,21.139,21.188,21.05,21.07
647,2019/4/16,21.335,21.365,21.266,21.315
648,2019/4/17,21.581,21.61,21.345,21.374
649,2019/4/18,21.355,21.433,21.305,21.394
650,2019/4/22,21.286,21.296,21.197,21.247
651,2019/4/23,21.197,21.345,21.139,21.335
652,2019/4/24,21.079,21.139,20.981,20.991
653,2019/4/25,20.932,20.962,20.804,20.844
654,2019/4/26,20.844,20.952,20.726,20.952
655,2019/4/29,20.922,21.07,20.922,21.05
656,2019/4/30,21.001,21.158,21.001,21.139
657,2019/5/1,21.178,21.266,20.991,20.991
658,2019/5/2,21.001,21.079,20.853,20.981
659,2019/5/3,21.119,21.384,21.099,21.384
660,2019/5/6,20.824,21.089,20.696,21.04
661,2019/5/7,20.657,20.657,20.274,20.342
662,2019/5/8,20.293,20.45,20.264,20.313
663,2019/5/9,19.969,20.146,19.802,20.087
664,2019/5/10,20.028,20.244,19.861,20.244
665,2019/5/13,19.654,19.664,19.32,19.32
666,2019/5/14,19.517,19.773,19.507,19.704
667,2019/5/15,19.517,19.841,19.497,19.812
668,2019/5/16,19.802,19.999,19.782,19.91
669,2019/5/17,19.714,19.831,19.556,19.566
670,2019/5/20,19.085,19.242,19.045,19.075
671,2019/5/21,19.202,19.271,19.173,19.262
672,2019/5/22,19.252,19.252,19.104,19.124
673,2019/5/23,18.849,18.849,18.564,18.623
674,2019/5/24,18.868,18.918,18.78,18.868
675,2019/5/28,18.937,18.937,18.662,18.662
676,2019/5/29,18.623,18.672,18.515,18.613
677,2019/5/30,18.799,18.898,18.78,18.898
678,2019/5/31,18.632,18.632,18.475,18.475
679,2019/6/3,18.407,18.475,18.308,18.387
680,2019/6/4,18.593,19.026,18.593,19.006
681,2019/6/5,19.242,19.242,19.006,19.124
682,2019/6/6,19.035,19.094,18.918,19.016
683,2019/6/7,19.163,19.409,19.153,19.409
684,2019/6/10,19.566,19.694,19.566,19.615
685,2019/6/11,19.861,19.94,19.694,19.763
686,2019/6/12,19.694,19.714,19.458,19.458
687,2019/6/13,19.547,19.586,19.488,19.586
688,2019/6/14,19.448,19.448,19.173,19.173
689,2019/6/17,19.311,19.389,19.301,19.379
690,2019/6/18,19.478,19.664,19.399,19.654
691,2019/6/19,19.851,19.999,19.792,19.969
692,2019/6/20,20.244,20.303,20.107,20.274
693,2019/6/21,20.195,20.254,20.097,20.146
694,2019/6/24,20.215,20.234,20.116,20.116
695,2019/6/25,20.175,20.224,19.999,19.999
696,2019/6/26,20.107,20.175,20.018,20.048
697,2019/6/27,20.286,20.355,20.236,20.345
698,2019/6/28,20.375,20.553,20.375,20.543
699,2019/7/1,20.959,21.029,20.771,20.88
700,2019/7/2,20.91,20.939,20.741,20.781
701,2019/7/3,20.741,20.89,20.702,20.89
702,2019/7/5,20.623,20.623,20.375,20.563
703,2019/7/8,20.454,20.474,20.345,20.355
704,2019/7/9,20.128,20.128,19.93,19.979
705,2019/7/10,20.068,20.157,19.999,20.088
706,2019/7/11,20.098,20.098,19.95,19.979
707,2019/7/12,19.92,19.92,19.811,19.87
708,2019/7/15,19.92,19.979,19.811,19.821
709,2019/7/16,19.821,19.821,19.662,19.692
710,2019/7/17,19.86,19.86,19.732,19.781
711,2019/7/18,19.593,19.751,19.524,19.722
712,2019/7/19,19.86,19.95,19.751,19.821
713,2019/7/22,19.86,19.969,19.86,19.969
714,2019/7/23,20.128,20.217,20.078,20.217
715,2019/7/24,20.128,20.296,20.078,20.296
716,2019/7/25,20.236,20.286,19.959,19.969
717,2019/7/26,19.959,19.969,19.811,19.831
718,2019/7/29,19.801,19.801,19.633,19.702
719,2019/7/30,19.712,19.722,19.583,19.712
720,2019/7/31,19.712,19.781,19.276,19.425
721,2019/8/1,19.444,19.652,19.039,19.078
722,2019/8/2,18.959,19.058,18.613,18.712
723,2019/8/5,18.247,18.336,17.742,17.841
724,2019/8/6,18.157,18.356,18.108,18.326
725,2019/8/7,18.197,18.336,17.969,18.276
726,2019/8/8,18.395,18.751,18.395,18.751
727,2019/8/9,18.494,18.504,18.217,18.296
728,2019/8/12,18.316,18.336,18.059,18.098
729,2019/8/13,18.217,18.682,18.177,18.613
730,2019/8/14,18.157,18.187,17.89,17.89
731,2019/8/15,18.049,18.098,17.86,17.989
732,2019/8/16,18.147,18.336,18.078,18.306
733,2019/8/19,18.445,18.524,18.415,18.464
734,2019/8/20,18.415,18.524,18.356,18.375
735,2019/8/21,18.583,18.682,18.554,18.623
736,2019/8/22,18.603,18.633,18.445,18.524
737,2019/8/23,18.435,18.524,17.959,17.969
738,2019/8/26,18.276,18.336,18.118,18.237
739,2019/8/27,18.266,18.306,18.059,18.068
740,2019/8/28,17.959,18.128,17.91,18.088
741,2019/8/29,18.316,18.425,18.296,18.415
742,2019/8/30,18.563,18.643,18.474,18.613
743,2019/9/3,18.405,18.435,18.276,18.326
744,2019/9/4,18.455,18.672,18.455,18.643
745,2019/9/5,18.94,19.167,18.84,19.147
746,2019/9/6,19.177,19.266,19.138,19.227
747,2019/9/9,19.375,19.464,19.345,19.454
748,2019/9/10,19.444,19.672,19.375,19.652
749,2019/9/11,19.781,19.989,19.742,19.989
750,2019/9/12,20.128,20.276,20.019,20.256
751,2019/9/13,20.256,20.336,20.217,20.276
752,2019/9/16,20.157,20.207,20.068,20.128
753,2019/9/17,19.999,20.078,19.92,20.068
754,2019/9/18,20.088,20.118,19.89,20.108
755,2019/9/19,20.118,20.226,20.029,20.048
756,2019/9/20,19.95,20.019,19.791,19.801
757,2019/9/23,19.712,19.801,19.672,19.761
758,2019/9/24,19.92,19.959,19.583,19.642
759,2019/9/25,19.484,19.751,19.395,19.751
760,2019/9/26,19.742,19.761,19.642,19.732
761,2019/9/27,19.781,19.821,19.494,19.553
762,2019/9/30,19.682,19.841,19.672,19.821
763,2019/10/1,19.89,19.979,19.593,19.603
764,2019/10/2,19.306,19.326,18.969,19.049
765,2019/10/3,19.128,19.355,18.949,19.355
766,2019/10/4,19.365,19.553,19.316,19.553
767,2019/10/7,19.484,19.603,19.434,19.454
768,2019/10/8,19.296,19.296,19.078,19.088
769,2019/10/9,19.197,19.345,19.177,19.306
770,2019/10/10,19.078,19.276,19.009,19.147
771,2019/10/11,19.415,19.732,19.375,19.633
772,2019/10/14,19.524,19.593,19.474,19.544
773,2019/10/15,19.662,19.989,19.662,19.95
774,2019/10/16,19.89,20.048,19.87,19.969
775,2019/10/17,19.999,20.118,19.92,20.029
776,2019/10/18,20.058,20.138,19.959,20.098
777,2019/10/21,20.147,20.246,20.147,20.226
778,2019/10/22,20.217,20.236,20.068,20.078
779,2019/10/23,20.058,20.226,19.999,20.197
780,2019/10/24,20.266,20.326,20.207,20.316
781,2019/10/25,20.306,20.543,20.296,20.504
782,2019/10/28,20.652,20.831,20.593,20.821
783,2019/10/29,20.841,20.939,20.751,20.801
784,2019/10/30,20.722,20.741,20.494,20.702
785,2019/10/31,20.633,20.633,20.454,20.583
786,2019/11/1,20.88,21.098,20.88,21.098
787,2019/11/4,21.276,21.395,21.256,21.395
788,2019/11/5,21.365,21.484,21.355,21.464
789,2019/11/6,21.365,21.385,21.207,21.266
790,2019/11/7,21.415,21.632,21.355,21.524
791,2019/11/8,21.405,21.444,21.296,21.385
792,2019/11/11,21.108,21.276,21.108,21.236
793,2019/11/12,21.326,21.435,21.276,21.345
794,2019/11/13,21.138,21.276,21.118,21.157
795,2019/11/14,21.098,21.177,21.058,21.167
796,2019/11/15,21.197,21.286,21.157,21.256
797,2019/11/18,21.128,21.246,21.108,21.227
798,2019/11/19,21.098,21.147,20.959,21.029
799,2019/11/20,20.969,21.088,20.86,20.939
800,2019/11/21,20.91,20.929,20.811,20.86
801,2019/11/22,20.989,21.038,20.88,20.969
802,2019/11/25,21.118,21.375,21.118,21.375
803,2019/11/26,21.385,21.454,21.336,21.375
804,2019/11/27,21.464,21.484,21.405,21.474
805,2019/11/29,21.316,21.316,21.217,21.236
806,2019/12/2,21.306,21.336,20.949,20.969
807,2019/12/3,20.811,21.058,20.741,21.058
808,2019/12/4,21.217,21.336,21.217,21.266
809,2019/12/5,21.316,21.336,21.217,21.256
810,2019/12/6,21.474,21.593,21.425,21.583
811,2019/12/9,21.533,21.573,21.435,21.435
812,2019/12/10,21.345,21.514,21.345,21.444
813,2019/12/11,21.405,21.543,21.385,21.543
814,2019/12/12,21.514,21.87,21.484,21.87
815,2019/12/13,21.9,22.177,21.9,22.058
816,2019/12/16,22.098,22.197,22.068,22.108
817,2019/12/17,21.999,22.108,21.979,22.068
818,2019/12/18,21.89,21.92,21.821,21.831
819,2019/12/19,21.84,21.939,21.811,21.929
820,2019/12/20,21.939,21.979,21.831,21.831
821,2019/12/23,21.831,21.91,21.801,21.88
822,2019/12/24,21.9,21.929,21.87,21.9
823,2019/12/26,21.929,22.058,21.92,22.048
824,2019/12/27,22.048,22.058,21.9,21.9
825,2019/12/30,21.901,21.93,21.672,21.672
826,2019/12/31,21.623,21.732,21.544,21.682
827,2020/1/2,21.92,22.059,21.881,22.059
828,2020/1/3,21.811,21.881,21.672,21.742
829,2020/1/6,21.792,22.01,21.762,22.01
830,2020/1/7,22.01,22.02,21.861,21.901
831,2020/1/8,21.861,22.089,21.851,22.079
832,2020/1/9,22.148,22.238,22.099,22.218
833,2020/1/10,22.297,22.416,22.178,22.178
834,2020/1/13,22.247,22.406,22.208,22.406
835,2020/1/14,22.406,22.495,22.287,22.436
836,2020/1/15,22.426,22.426,22.228,22.238
837,2020/1/16,22.297,22.366,22.218,22.327
838,2020/1/17,22.386,22.426,22.297,22.347
839,2020/1/21,22.247,22.267,22.079,22.079
840,2020/1/22,22.257,22.307,22.188,22.208
841,2020/1/23,22.228,22.386,22.119,22.386
842,2020/1/24,22.436,22.485,22.119,22.168
843,2020/1/27,21.514,21.643,21.415,21.514
844,2020/1/28,21.613,21.821,21.544,21.792
845,2020/1/29,22.039,22.039,21.772,21.821
846,2020/1/30,21.672,21.811,21.514,21.811
847,2020/1/31,21.583,21.583,21.187,21.226
848,2020/2/3,21.415,21.563,21.355,21.524
849,2020/2/4,21.792,21.99,21.782,21.99
850,2020/2/5,22.277,22.307,22.119,22.257
851,2020/2/6,22.307,22.357,22.168,22.347
852,2020/2/7,22.168,22.247,22.049,22.049
853,2020/2/10,22.079,22.386,22.079,22.386
854,2020/2/11,22.426,22.753,22.426,22.733
855,2020/2/12,22.803,22.872,22.753,22.862
856,2020/2/13,22.644,22.753,22.604,22.624
857,2020/2/14,22.684,22.743,22.604,22.664
858,2020/2/18,22.416,22.505,22.307,22.396
859,2020/2/19,22.396,22.654,22.396,22.575
860,2020/2/20,22.545,22.654,22.168,22.485
861,2020/2/21,22.327,22.376,22.0,22.049
862,2020/2/24,21.018,21.226,20.889,20.949
863,2020/2/25,21.236,21.316,20.473,20.542
864,2020/2/26,20.75,21.088,20.631,20.701
865,2020/2/27,20.146,20.532,19.779,19.789
866,2020/2/28,19.253,20.106,19.174,20.096
867,2020/3/2,20.126,20.384,19.68,20.384
868,2020/3/3,20.423,20.701,19.729,19.957
869,2020/3/4,20.314,20.79,20.166,20.79
870,2020/3/5,20.136,20.384,19.918,20.027
871,2020/3/6,19.571,19.819,19.333,19.6
872,2020/3/9,18.421,18.54,17.796,17.885
873,2020/3/10,18.698,18.787,17.895,18.718
874,2020/3/11,18.331,18.371,17.627,17.766
875,2020/3/12,16.359,16.368,15.674,15.694
876,2020/3/13,16.785,17.102,15.863,17.102
877,2020/3/16,15.337,16.12,14.891,14.98
878,2020/3/17,15.536,16.17,15.139,16.051
879,2020/3/18,15.149,15.615,14.643,15.486
880,2020/3/19,15.149,15.863,14.971,15.595
881,2020/3/20,15.833,16.229,15.278,15.417
882,2020/3/23,15.426,15.645,15.07,15.337
883,2020/3/24,16.507,17.29,16.507,17.29
884,2020/3/25,17.38,17.935,16.884,17.608
885,2020/3/26,17.816,18.589,17.766,18.56
886,2020/3/27,17.846,18.48,17.846,18.014
887,2020/3/30,18.044,18.321,17.846,18.312
888,2020/3/31,17.905,18.391,17.866,17.984
889,2020/4/1,17.36,17.429,16.924,16.924
890,2020/4/2,16.934,17.35,16.874,17.3
891,2020/4/3,17.062,17.221,16.636,16.775
892,2020/4/6,17.449,18.143,17.35,18.064
893,2020/4/7,18.817,18.887,17.945,17.945
894,2020/4/8,18.093,18.361,17.836,18.331
895,2020/4/9,18.609,18.847,18.45,18.639
896,2020/4/13,18.56,18.589,18.341,18.49
897,2020/4/14,18.936,19.273,18.877,19.224
898,2020/4/15,18.768,18.807,18.55,18.649
899,2020/4/16,18.688,18.807,18.48,18.778
900,2020/4/17,19.115,19.174,18.837,19.125
901,2020/4/20,18.887,19.194,18.837,18.837
902,2020/4/21,18.698,18.778,18.331,18.351
903,2020/4/22,18.758,19.095,18.748,19.045
904,2020/4/23,19.174,19.363,18.996,19.055
905,2020/4/24,19.253,19.363,19.055,19.333
906,2020/4/27,19.63,19.918,19.531,19.868
907,2020/4/28,20.304,20.423,20.007,20.106
908,2020/4/29,20.483,20.879,20.443,20.8
909,2020/4/30,20.493,20.532,20.215,20.245
910,2020/5/1,19.838,19.957,19.63,19.67
911,2020/5/4,19.511,19.828,19.491,19.828
912,2020/5/5,20.066,20.215,19.957,20.037
913,2020/5/6,20.185,20.255,19.977,19.987
914,2020/5/7,20.532,20.721,20.473,20.671
915,2020/5/8,20.959,20.998,20.78,20.998
916,2020/5/11,20.899,21.276,20.899,21.236
917,2020/5/12,21.276,21.286,20.75,20.75
918,2020/5/13,21.048,21.167,20.602,20.83
919,2020/5/14,20.374,20.631,20.096,20.582
920,2020/5/15,20.562,20.988,20.532,20.988
921,2020/5/18,21.415,21.911,21.316,21.851
922,2020/5/19,21.772,22.059,21.712,21.762
923,2020/5/20,22.228,22.495,22.228,22.357
924,2020/5/21,22.347,22.376,22.029,22.059
925,2020/5/22,22.059,22.436,22.01,22.426
926,2020/5/26,22.932,23.051,22.803,22.882
927,2020/5/27,23.041,23.051,22.416,22.912
928,2020/5/28,23.09,23.447,23.011,23.041
929,2020/5/29,22.872,23.021,22.614,22.981
930,2020/6/1,23.209,23.427,23.011,23.408
931,2020/6/2,23.447,23.477,23.249,23.417
932,2020/6/3,23.467,23.685,23.427,23.626
933,2020/6/4,23.507,23.645,23.358,23.408
934,2020/6/5,23.635,23.983,23.635,23.804
935,2020/6/8,23.715,23.844,23.517,23.844
936,2020/6/9,23.606,23.903,23.517,23.814
937,2020/6/10,23.943,24.012,23.754,23.844
938,2020/6/11,23.338,23.427,22.485,22.485
939,2020/6/12,23.1,23.388,22.515,22.941
940,2020/6/15,22.456,23.08,22.218,23.031
941,2020/6/16,23.586,23.715,23.051,23.457
942,2020/6/17,23.635,23.834,22.456,23.665
943,2020/6/18,23.596,23.596,23.398,23.487
944,2020/6/19,23.794,23.893,23.447,23.457
945,2020/6/22,23.566,23.824,23.467,23.824
946,2020/6/23,24.012,24.092,23.834,23.854
947,2020/6/24,23.834,23.873,23.239,23.378
948,2020/6/25,23.536,23.873,23.378,23.854
949,2020/6/26,23.715,23.715,23.298,23.358
950,2020/6/29,23.401,23.65,23.282,23.62
951,2020/6/30,23.61,23.839,23.511,23.729
952,2020/7/1,23.829,23.928,23.749,23.868
953,2020/7/2,23.908,24.038,23.868,23.888
954,2020/7/6,24.355,24.544,24.355,24.485
955,2020/7/7,24.445,24.594,24.246,24.306
956,2020/7/8,24.336,24.544,24.226,24.544
957,2020/7/9,24.594,24.654,24.226,24.435
958,2020/7/10,24.644,24.773,24.544,24.773
959,2020/7/13,24.743,24.853,24.157,24.246
960,2020/7/14,24.187,24.634,24.127,24.624
961,2020/7/15,25.051,25.22,24.922,25.101
962,2020/7/16,24.763,24.833,24.654,24.674
963,2020/7/17,24.823,25.081,24.803,25.081
964,2020/7/20,25.081,25.36,24.972,25.34
965,2020/7/21,25.439,25.539,25.37,25.389
966,2020/7/22,25.409,25.588,25.38,25.519
967,2020/7/23,25.529,25.797,25.32,25.479
968,2020/7/24,25.28,25.37,25.101,25.21
969,2020/7/27,25.479,25.827,25.479,25.757
970,2020/7/28,25.628,25.737,25.399,25.429
971,2020/7/29,25.429,25.708,25.429,25.678
972,2020/7/30,25.26,25.578,25.051,25.509
973,2020/7/31,25.36,25.389,24.962,25.171
974,2020/8/3,25.37,25.747,25.29,25.737
975,2020/8/4,25.608,25.886,25.578,25.886
976,2020/8/5,26.095,26.235,25.946,26.155
977,2020/8/6,26.175,26.235,26.006,26.215
978,2020/8/7,26.105,26.205,25.906,26.115
979,2020/8/10,26.105,26.185,25.956,26.145
980,2020/8/11,26.543,26.562,26.155,26.205
981,2020/8/12,26.582,26.91,26.572,26.901
982,2020/8/13,26.881,26.93,26.741,26.811
983,2020/8/14,26.811,26.881,26.702,26.771
984,2020/8/17,26.94,27.248,26.94,27.248
985,2020/8/18,27.278,27.338,27.059,27.149
986,2020/8/19,27.179,27.179,26.881,26.881
987,2020/8/20,26.672,26.811,26.503,26.761
988,2020/8/21,26.493,26.642,26.443,26.642
989,2020/8/24,27.04,27.109,26.771,26.901
990,2020/8/25,26.881,26.97,26.771,26.901
991,2020/8/26,26.901,27.03,26.881,26.99
992,2020/8/27,26.99,26.99,26.572,26.682
993,2020/8/28,26.741,27.02,26.741,26.99
994,2020/8/31,26.93,27.049,26.791,26.94
995,2020/9/1,27.04,27.328,26.95,27.328
996,2020/9/2,27.775,27.964,27.586,27.964
997,2020/9/3,27.676,27.676,26.682,26.851
998,2020/9/4,26.871,27.03,25.867,26.761
999,2020/9/8,26.225,26.722,26.185,26.383
1000,2020/9/9,26.811,27.049,26.692,26.97
1001,2020/9/10,27.089,27.199,26.602,26.652
1002,2020/9/11,26.94,27.049,26.592,26.722
1003,2020/9/14,27.179,27.388,27.109,27.298
1004,2020/9/15,27.616,27.716,27.507,27.606
1005,2020/9/16,27.676,27.765,27.477,27.517
1006,2020/9/17,27.109,27.427,27.109,27.398
1007,2020/9/18,27.557,27.557,27.04,27.209
1008,2020/9/21,26.662,26.751,26.334,26.692
1009,2020/9/22,26.702,26.93,26.503,26.91
1010,2020/9/23,27.04,27.159,26.632,26.672
1011,2020/9/24,26.503,26.881,26.374,26.622
1012,2020/9/25,26.533,27.01,26.493,27.0
1013,2020/9/28,27.238,27.398,27.189,27.398
1014,2020/9/29,27.626,27.904,27.626,27.735
1015,2020/9/30,27.696,27.934,27.636,27.706
1016,2020/10/1,27.964,28.123,27.865,28.074
1017,2020/10/2,27.517,27.885,27.467,27.815
1018,2020/10/5,27.815,28.113,27.815,28.103
1019,2020/10/6,28.153,28.422,27.914,28.024
1020,2020/10/7,28.282,28.521,28.282,28.491
1021,2020/10/8,28.71,28.73,28.531,28.58
1022,2020/10/9,28.66,28.889,28.66,28.859
1023,2020/10/12,29.058,29.127,28.928,29.098
1024,2020/10/13,29.088,29.187,28.998,29.098
1025,2020/10/14,29.197,29.296,28.998,29.068
1026,2020/10/15,28.501,28.759,28.441,28.72
1027,2020/10/16,28.72,28.919,28.71,28.73
1028,2020/10/19,28.879,29.088,28.62,28.69
1029,2020/10/20,28.869,29.117,28.869,28.958
1030,2020/10/21,29.068,29.068,28.789,28.799
1031,2020/10/22,28.839,28.909,28.61,28.869
1032,2020/10/23,28.928,28.968,28.71,28.869
1033,2020/10/26,28.58,28.6,28.074,28.253
1034,2020/10/27,28.402,28.481,28.302,28.352
1035,2020/10/28,27.845,28.004,27.537,27.557
1036,2020/10/29,27.815,28.074,27.765,27.924
1037,2020/10/30,27.726,27.825,27.368,27.547
1038,2020/11/2,27.835,27.885,27.576,27.785
1039,2020/11/3,28.213,28.6,28.173,28.481
1040,2020/11/4,28.789,29.147,28.551,28.948
1041,2020/11/5,29.515,29.773,29.475,29.754
1042,2020/11/6,29.585,29.793,29.406,29.684
1043,2020/11/9,30.787,30.817,30.121,30.42
1044,2020/11/10,29.763,29.843,29.426,29.595
1045,2020/11/11,29.932,30.171,29.913,30.042
1046,2020/11/12,30.121,30.131,29.754,29.823
1047,2020/11/13,30.111,30.32,30.012,30.32
1048,2020/11/16,30.678,30.897,30.608,30.897
1049,2020/11/17,30.618,30.728,30.37,30.658
1050,2020/11/18,30.917,31.006,30.608,30.608
1051,2020/11/19,30.509,30.768,30.43,30.768
1052,2020/11/20,30.797,30.966,30.758,30.877
1053,2020/11/23,31.125,31.165,30.797,30.976
1054,2020/11/24,31.284,31.394,31.066,31.384
1055,2020/11/25,31.384,31.473,31.175,31.374
1056,2020/11/27,31.623,31.811,31.573,31.811
1057,2020/11/30,31.861,31.891,31.463,31.463
1058,2020/12/1,32.09,32.269,31.931,32.209
1059,2020/12/2,32.179,32.219,32.02,32.159
1060,2020/12/3,32.169,32.279,32.08,32.159
1061,2020/12/4,32.1,32.507,32.09,32.507
1062,2020/12/7,32.159,32.219,31.931,32.01
1063,2020/12/8,32.01,32.199,31.941,32.159
1064,2020/12/9,32.478,32.478,31.772,31.96
1065,2020/12/10,31.732,32.06,31.623,31.96
1066,2020/12/11,31.811,31.911,31.613,31.841
1067,2020/12/14,32.209,32.318,32.01,32.07
1068,2020/12/15,32.139,32.408,32.12,32.408
1069,2020/12/16,32.408,32.478,32.149,32.308
1070,2020/12/17,32.607,32.726,32.547,32.726
1071,2020/12/18,32.795,32.805,32.527,32.607
1072,2020/12/21,31.98,32.497,31.881,32.428
1073,2020/12/22,32.507,32.676,32.408,32.637
1074,2020/12/23,32.845,32.994,32.825,32.885
1075,2020/12/24,32.915,32.915,32.736,32.766
1076,2020/12/28,33.044,33.084,32.865,32.935
1077,2020/12/29,33.263,33.303,32.955,33.054
1078,2020/12/30,33.183,33.402,33.143,33.193
1079,2020/12/31,33.173,33.173,32.875,32.945
1080,2021/1/4,33.293,33.322,32.617,32.805
1081,2021/1/5,32.935,33.471,32.925,33.392
1082,2021/1/6,33.253,33.66,33.143,33.442
1083,2021/1/7,33.65,33.978,33.571,33.949
1084,2021/1/8,34.277,34.416,33.75,34.177
1085,2021/1/11,33.81,34.128,33.69,33.978
1086,2021/1/12,34.048,34.177,33.859,34.167
1087,2021/1/13,34.197,34.326,34.078,34.197
1088,2021/1/14,34.605,35.142,34.605,35.052
1089,2021/1/15,34.655,34.655,34.078,34.317
1090,2021/1/19,34.714,34.913,34.555,34.893
1091,2021/1/20,35.142,35.44,35.092,35.41
1092,2021/1/21,35.529,35.529,35.142,35.4
1093,2021/1/22,35.311,35.311,35.002,35.211
1094,2021/1/25,35.321,35.798,35.042,35.38
1095,2021/1/26,35.41,35.43,35.032,35.241
1096,2021/1/27,34.853,35.122,34.505,34.734
1097,2021/1/28,34.605,34.873,34.555,34.575
1098,2021/1/29,34.217,34.366,33.541,33.65
1099,2021/2/1,34.287,34.436,34.008,34.376
1100,2021/2/2,34.655,34.863,34.436,34.863
1101,2021/2/3,34.804,34.933,34.585,34.664
1102,2021/2/4,34.436,34.615,34.336,34.605
1103,2021/2/5,34.774,34.863,34.615,34.853
1104,2021/2/8,35.072,35.42,35.052,35.42
1105,2021/2/9,35.629,35.897,35.599,35.897
1106,2021/2/10,35.877,36.106,35.46,35.867
1107,2021/2/11,36.066,36.195,35.798,36.126
1108,2021/2/12,35.967,36.245,35.808,36.245
1109,2021/2/16,36.553,36.643,36.056,36.156
1110,2021/2/17,35.996,35.996,35.261,35.549
1111,2021/2/18,35.102,35.251,34.744,35.201
1112,2021/2/19,35.39,35.758,35.39,35.589
1113,2021/2/22,35.191,35.261,34.794,34.794
1114,2021/2/23,34.346,34.496,33.342,34.356
1115,2021/2/24,33.899,34.456,33.621,34.436
1116,2021/2/25,34.356,34.545,33.213,33.362
1117,2021/2/26,33.322,33.69,32.885,33.422
1118,2021/3/1,33.8,34.227,33.8,34.227
1119,2021/3/2,34.496,34.496,33.919,33.929
1120,2021/3/3,33.611,33.66,32.955,32.955
1121,2021/3/4,32.855,32.945,31.603,31.96
1122,2021/3/5,32.289,32.428,31.056,32.328
1123,2021/3/8,31.891,32.159,31.324,31.344
1124,2021/3/9,31.821,32.318,31.791,32.179
1125,2021/3/10,32.478,32.825,32.428,32.547
1126,2021/3/11,33.004,33.223,32.776,33.183
1127,2021/3/12,33.054,33.303,32.955,33.293
1128,2021/3/15,33.303,33.551,33.153,33.551
1129,2021/3/16,33.71,33.75,33.253,33.402
1130,2021/3/17,33.104,33.68,33.034,33.631
1131,2021/3/18,33.501,33.71,32.925,32.935
1132,2021/3/19,32.935,33.283,32.766,33.203
1133,2021/3/22,33.034,33.402,32.925,33.233
1134,2021/3/23,33.064,33.064,32.159,32.249
1135,2021/3/24,32.398,32.448,31.742,31.742
1136,2021/3/25,31.513,32.348,31.513,32.299
1137,2021/3/26,32.428,32.955,32.388,32.955
1138,2021/3/29,32.845,32.935,32.527,32.557
1139,2021/3/30,32.438,32.746,32.279,32.666
1140,2021/3/31,32.567,33.064,32.567,32.945
1141,2021/4/1,33.223,33.849,33.223,33.849
1142,2021/4/5,34.157,34.535,34.138,34.496
1143,2021/4/6,34.297,34.496,34.217,34.267
1144,2021/4/7,34.267,34.267,33.889,33.949
1145,2021/4/8,34.326,34.386,34.207,34.386
1146,2021/4/9,34.436,34.505,34.326,34.505
1147,2021/4/12,34.167,34.277,33.889,34.247
1148,2021/4/13,34.247,34.545,34.247,34.545
1149,2021/4/14,34.545,34.684,34.336,34.406
1150,2021/4/15,34.734,34.963,34.545,34.933
1151,2021/4/16,35.072,35.231,34.913,35.211
1152,2021/4/19,35.191,35.191,34.466,34.674
1153,2021/4/20,34.326,34.426,33.79,33.959
1154,2021/4/21,33.79,34.575,33.73,34.575
1155,2021/4/22,34.754,34.933,34.426,34.545
1156,2021/4/23,34.595,35.032,34.555,34.913
1157,2021/4/26,34.923,35.211,34.923,35.191
1158,2021/4/27,35.082,35.082,34.764,34.813
1159,2021/4/28,34.893,34.982,34.664,34.853
1160,2021/4/29,35.042,35.052,34.287,34.625
1161,2021/4/30,34.307,34.426,34.058,34.138
1162,2021/5/3,34.396,34.416,34.018,34.068
1163,2021/5/4,33.68,33.68,32.756,33.114
1164,2021/5/5,33.541,33.591,33.283,33.511
1165,2021/5/6,33.452,33.601,33.183,33.581
1166,2021/5/7,33.7,34.108,33.7,34.068
1167,2021/5/10,34.058,34.058,33.183,33.183
1168,2021/5/11,32.378,32.925,32.129,32.805
1169,2021/5/12,32.11,32.209,31.414,31.463
1170,2021/5/13,31.583,31.95,31.463,31.821
1171,2021/5/14,32.139,32.726,32.07,32.656
1172,2021/5/17,32.239,32.279,31.931,32.159
1173,2021/5/18,32.487,32.736,32.358,32.368
1174,2021/5/19,31.891,32.249,31.722,32.169
1175,2021/5/20,32.497,32.885,32.478,32.776
1176,2021/5/21,33.104,33.153,32.795,32.945
1177,2021/5/24,33.104,33.372,33.034,33.283
1178,2021/5/25,33.412,33.422,33.084,33.173
1179,2021/5/26,33.303,33.491,33.243,33.471
1180,2021/5/27,33.481,33.72,33.432,33.69
1181,2021/5/28,33.929,34.197,33.919,34.048
1182,2021/6/1,34.287,34.287,33.949,34.058
1183,2021/6/2,34.118,34.307,34.008,34.247
1184,2021/6/3,34.008,34.267,33.889,34.118
1185,2021/6/4,34.376,34.774,34.376,34.724
1186,2021/6/7,34.734,34.883,34.645,34.853
1187,2021/6/8,34.813,34.823,34.535,34.714
1188,2021/6/9,34.784,34.784,34.297,34.317
1189,2021/6/10,34.346,34.545,34.247,34.466
1190,2021/6/11,34.664,34.714,34.476,34.714
1191,2021/6/14,34.764,35.002,34.754,34.982
1192,2021/6/15,35.012,35.032,34.813,34.943
1193,2021/6/16,34.953,35.112,34.595,34.833
1194,2021/6/17,34.645,34.923,34.605,34.873
1195,2021/6/18,34.585,34.615,34.197,34.197
1196,2021/6/21,34.297,34.585,34.028,34.565
1197,2021/6/22,34.714,34.774,34.307,34.684
1198,2021/6/23,34.714,34.754,34.466,34.525
1199,2021/6/24,34.734,34.992,34.724,34.973
1200,2021/6/25,35.201,35.221,34.992,35.012
1201,2021/6/28,34.982,35.191,34.982,35.181
1202,2021/6/29,35.131,35.27,35.021,35.101
1203,2021/6/30,34.942,34.942,34.623,34.802
1204,2021/7/1,34.832,34.862,34.384,34.563
1205,2021/7/2,34.802,34.962,34.523,34.693
1206,2021/7/6,34.802,34.842,34.444,34.703
1207,2021/7/7,34.991,34.991,34.284,34.384
1208,2021/7/8,33.787,34.225,33.617,34.036
1209,2021/7/9,34.394,34.633,34.304,34.633
1210,2021/7/12,34.683,35.011,34.673,35.001
1211,2021/7/13,34.932,34.932,34.464,34.464
1212,2021/7/14,34.663,34.663,34.065,34.075
1213,2021/7/15,33.916,33.916,33.329,33.597
1214,2021/7/16,33.617,33.727,33.129,33.229
1215,2021/7/19,32.482,32.741,32.363,32.622
1216,2021/7/20,32.691,33.289,32.542,33.199
1217,2021/7/21,33.408,33.737,33.259,33.727
1218,2021/7/22,33.866,33.896,33.567,33.657
1219,2021/7/23,33.826,33.826,33.538,33.717
1220,2021/7/26,33.607,33.797,33.548,33.737
1221,2021/7/27,33.587,33.587,33.0,33.338
1222,2021/7/28,33.398,33.906,33.398,33.777
1223,2021/7/29,34.065,34.205,34.026,34.075
1224,2021/7/30,33.926,34.135,33.816,33.866
1225,2021/8/2,34.125,34.354,34.125,34.245
1226,2021/8/3,34.384,34.454,34.105,34.444
1227,2021/8/4,34.165,34.424,34.165,34.275
1228,2021/8/5,34.454,34.683,34.334,34.653
1229,2021/8/6,34.434,34.454,34.125,34.215
1230,2021/8/9,34.095,34.523,34.095,34.424
1231,2021/8/10,34.653,34.663,34.314,34.334
1232,2021/8/11,35.001,35.031,34.623,34.991
1233,2021/8/12,34.832,35.23,34.832,35.121
1234,2021/8/13,34.952,35.28,34.952,35.28
1235,2021/8/16,34.822,34.912,34.503,34.852
1236,2021/8/17,34.245,34.633,34.175,34.543
1237,2021/8/18,34.464,34.852,34.414,34.543
1238,2021/8/19,34.245,34.703,34.105,34.354
1239,2021/8/20,34.324,34.633,34.304,34.553
1240,2021/8/23,35.111,35.629,35.071,35.589
1241,2021/8/24,35.688,36.395,35.688,36.286
1242,2021/8/25,36.147,36.266,36.027,36.097
1243,2021/8/26,36.077,36.266,35.838,36.037
1244,2021/8/27,35.967,36.644,35.967,36.644
1245,2021/8/30,36.644,36.744,36.415,36.445
1246,2021/8/31,36.654,36.694,36.455,36.515
1247,2021/9/1,36.834,37.202,36.834,37.142
1248,2021/9/2,37.391,37.74,37.322,37.551
1249,2021/9/3,37.929,38.317,37.919,38.297
1250,2021/9/7,38.586,38.855,38.347,38.746
1251,2021/9/8,38.636,38.706,38.058,38.337
1252,2021/9/9,38.556,38.835,38.457,38.746
1253,2021/9/10,39.014,39.124,38.278,38.278
1254,2021/9/13,38.865,38.865,38.268,38.686
1255,2021/9/14,38.736,38.885,38.367,38.447
1256,2021/9/15,38.646,38.985,38.487,38.985
1257,2021/9/16,38.676,38.875,38.467,38.835
1258,2021/9/17,38.865,38.965,38.566,38.835
1259,2021/9/20,37.839,38.268,37.61,37.979
1260,2021/9/21,38.367,38.746,38.188,38.526
1261,2021/9/22,38.536,38.726,38.317,38.536
1262,2021/9/23,38.795,39.283,38.746,39.223
1263,2021/9/24,38.726,38.765,38.497,38.606
1264,2021/9/27,38.158,38.387,37.77,38.158
1265,2021/9/28,37.351,37.461,36.764,36.804
1266,2021/9/29,36.983,37.083,36.515,36.565
1267,2021/9/30,36.724,36.903,36.366,36.415
1268,2021/10/1,36.166,36.236,35.39,35.967
1269,2021/10/4,35.479,35.489,34.454,34.623
1270,2021/10/5,34.942,35.27,34.733,35.101
1271,2021/10/6,34.414,35.101,34.225,35.071
1272,2021/10/7,35.45,35.848,35.43,35.489
1273,2021/10/8,35.629,35.738,35.24,35.28
1274,2021/10/11,35.36,35.569,35.051,35.051
1275,2021/10/12,35.151,35.4,35.021,35.29
1276,2021/10/13,35.529,35.748,35.33,35.748
1277,2021/10/14,36.326,36.824,36.216,36.824
1278,2021/10/15,37.351,37.59,37.222,37.391
1279,2021/10/18,36.943,37.272,36.615,37.172
1280,2021/10/19,37.471,37.73,37.371,37.451
1281,2021/10/20,37.341,37.441,37.083,37.272
1282,2021/10/21,36.973,37.222,36.844,36.963
1283,2021/10/22,37.212,37.212,36.824,36.953
1284,2021/10/25,36.983,37.471,36.864,37.371
1285,2021/10/26,37.551,37.79,36.883,37.063
1286,2021/10/27,36.754,36.923,36.435,36.445
1287,2021/10/28,36.814,37.331,36.794,37.322
1288,2021/10/29,37.242,37.531,37.242,37.521
1289,2021/11/1,37.899,38.327,37.879,38.317
1290,2021/11/2,38.347,38.487,38.238,38.487
1291,2021/11/3,38.536,38.835,38.307,38.815
1292,2021/11/4,39.223,39.821,39.194,39.602
1293,2021/11/5,39.801,39.821,39.293,39.582
1294,2021/11/8,39.582,39.721,39.383,39.662
1295,2021/11/9,39.771,39.821,39.144,39.263
1296,2021/11/10,37.889,38.497,37.451,37.65
1297,2021/11/11,38.198,38.208,37.7,37.73
1298,2021/11/12,37.829,38.307,37.79,38.307
1299,2021/11/15,38.556,38.596,37.76,37.899
1300,2021/11/16,37.77,38.108,37.68,38.058
1301,2021/11/17,38.148,38.218,37.899,37.959
1302,2021/11/18,38.497,38.636,38.009,38.228
1303,2021/11/19,38.307,38.417,38.108,38.158
1304,2021/11/22,38.218,38.327,37.312,37.312
1305,2021/11/23,37.212,37.322,36.465,36.854
1306,2021/11/24,36.356,37.083,36.176,37.053
1307,2021/11/26,36.296,36.525,35.967,36.166
1308,2021/11/29,36.625,36.893,36.246,36.714
1309,2021/11/30,36.505,36.844,35.758,36.047
1310,2021/12/1,36.854,36.854,35.26,35.26
1311,2021/12/2,35.509,36.017,35.27,35.898
1312,2021/12/3,36.157,36.157,34.872,35.33
1313,2021/12/6,35.31,35.639,34.643,35.569
1314,2021/12/7,36.366,36.963,36.286,36.874
1315,2021/12/8,37.003,37.242,36.674,37.103
1316,2021/12/9,36.724,36.983,36.057,36.057
1317,2021/12/10,36.595,36.595,35.908,36.017
1318,2021/12/13,36.067,36.157,35.43,35.44
1319,2021/12/14,35.071,35.211,34.573,34.902
1320,2021/12/15,34.962,35.828,34.693,35.828
1321,2021/12/16,36.256,36.286,35.041,35.141
1322,2021/12/17,34.723,35.28,34.543,34.902
1323,2021/12/20,34.374,34.593,34.235,34.533
1324,2021/12/21,34.872,35.549,34.772,35.539
1325,2021/12/22,35.36,35.848,35.211,35.808
1326,2021/12/23,35.908,36.276,35.798,36.176
1327,2021/12/27,36.276,36.704,36.236,36.644
1328,2021/12/28,36.644,36.714,36.206,36.226
1329,2021/12/29,36.147,36.206,35.669,35.838
1330,2021/12/30,35.768,36.206,35.768,35.947
1331,2021/12/31,35.937,36.067,35.788,35.788
1332,2022/1/3,35.997,36.077,35.669,35.937
1333,2022/1/4,36.107,36.147,35.38,35.718
1334,2022/1/5,35.649,35.918,34.653,34.653
1335,2022/1/6,34.364,34.643,33.946,34.324
1336,2022/1/7,34.006,34.245,33.567,33.757
1337,2022/1/10,33.249,33.309,32.552,33.289
1338,2022/1/11,32.94,33.538,32.681,33.488
1339,2022/1/12,33.946,34.115,33.637,33.836
1340,2022/1/13,33.657,33.657,32.542,32.602
1341,2022/1/14,32.233,32.383,31.705,32.044
1342,2022/1/18,31.586,31.586,31.028,31.098
1343,2022/1/19,31.208,31.337,30.65,30.67
1344,2022/1/20,30.919,31.417,30.401,30.421
1345,2022/1/21,30.052,30.172,29.355,29.365
1346,2022/1/24,28.559,29.236,27.722,29.176
1347,2022/1/25,28.648,29.087,28.34,28.688
1348,2022/1/26,29.335,29.684,28.419,28.628
1349,2022/1/27,28.768,28.867,27.862,27.961
1350,2022/1/28,27.752,28.27,27.334,28.27
1351,2022/1/31,28.509,29.574,28.38,29.574
1352,2022/2/1,29.973,30.052,29.425,30.023
1353,2022/2/2,30.57,30.57,29.923,30.192
1354,2022/2/3,29.345,29.505,28.818,28.848
1355,2022/2/4,28.877,29.226,28.609,29.037
1356,2022/2/7,29.077,29.365,28.917,29.037
1357,2022/2/8,28.997,29.385,28.818,29.345
1358,2022/2/9,29.873,30.351,29.804,30.351
1359,2022/2/10,29.714,30.501,29.584,29.684
1360,2022/2/11,29.604,29.774,28.698,28.818
1361,2022/2/14,28.678,29.067,28.489,28.738
1362,2022/2/15,29.415,29.893,29.276,29.893
1363,2022/2/16,30.032,30.421,29.744,30.341
1364,2022/2/17,30.042,30.072,29.316,29.335
1365,2022/2/18,29.087,29.156,28.419,28.589
1366,2022/2/22,28.399,28.887,28.071,28.33
1367,2022/2/23,28.688,28.688,27.493,27.573
1368,2022/2/24,26.597,28.32,26.478,28.28
1369,2022/2/25,28.728,29.176,28.35,29.176
1370,2022/2/28,28.857,29.674,28.857,29.445
1371,2022/3/1,29.515,29.664,28.648,28.897
1372,2022/3/2,29.316,29.684,28.917,29.614
1373,2022/3/3,29.564,29.564,28.857,29.017
1374,2022/3/4,28.469,28.599,27.692,27.971
1375,2022/3/7,27.503,27.603,26.508,26.508
1376,2022/3/8,26.707,27.354,26.239,26.597
1377,2022/3/9,27.384,27.822,27.214,27.692
1378,2022/3/10,27.304,27.394,26.896,27.214
1379,2022/3/11,27.394,27.434,26.418,26.418
1380,2022/3/14,26.468,26.707,25.91,26.02
1381,2022/3/15,25.9,26.458,25.701,26.428
1382,2022/3/16,27.035,27.742,26.806,27.742
1383,2022/3/17,27.872,28.628,27.872,28.628
1384,2022/3/18,28.509,29.485,28.449,29.435
1385,2022/3/21,29.465,29.634,29.027,29.266
1386,2022/3/22,28.997,29.405,28.927,29.335
1387,2022/3/23,29.077,29.176,28.628,28.628
1388,2022/3/24,28.877,29.286,28.678,29.286
1389,2022/3/25,29.176,29.186,28.609,28.877
1390,2022/3/28,28.688,28.957,28.409,28.957
1391,2022/3/29,29.445,29.843,29.405,29.833
1392,2022/3/30,29.644,29.823,29.236,29.375
1393,2022/3/31,29.395,29.515,28.877,28.887
1394,2022/4/1,29.057,29.087,28.698,28.987
1395,2022/4/4,28.987,29.266,28.937,29.246
1396,2022/4/5,29.226,29.226,28.29,28.39
1397,2022/4/6,27.892,27.892,27.264,27.543
1398,2022/4/7,27.434,27.682,27.145,27.503
1399,2022/4/8,27.274,27.424,27.065,27.115
1400,2022/4/11,26.508,26.527,26.159,26.209
1401,2022/4/12,26.279,26.557,25.721,25.8
1402,2022/4/13,25.95,26.508,25.9,26.458
1403,2022/4/14,26.587,26.607,25.96,25.96
1404,2022/4/18,25.651,25.87,25.492,25.691
1405,2022/4/19,25.731,26.249,25.661,26.219
1406,2022/4/20,26.408,26.468,26.0,26.059
1407,2022/4/21,26.627,26.806,25.542,25.621
1408,2022/4/22,25.392,25.432,24.645,24.685
1409,2022/4/25,24.386,24.835,24.337,24.815
1410,2022/4/26,24.616,24.616,23.729,23.729
1411,2022/4/27,23.899,24.138,23.57,23.61
1412,2022/4/28,23.849,24.377,23.47,24.247
1413,2022/4/29,24.227,24.635,23.729,23.749
1414,2022/5/2,23.55,24.018,23.391,24.018
1415,2022/5/3,23.958,24.138,23.709,23.998
1416,2022/5/4,24.078,24.884,23.729,24.855
1417,2022/5/5,24.566,24.566,23.421,23.689
1418,2022/5/6,23.441,23.48,22.853,23.122
1419,2022/5/9,22.634,22.634,21.797,21.877
1420,2022/5/10,21.887,21.987,21.26,21.598
1421,2022/5/11,21.499,21.887,21.1,21.13
1422,2022/5/12,20.911,21.529,20.792,21.2
1423,2022/5/13,21.698,22.405,21.698,22.365
1424,2022/5/16,22.236,22.475,22.076,22.196
1425,2022/5/17,22.684,22.923,22.475,22.903
1426,2022/5/18,22.634,22.962,22.196,22.275
1427,2022/5/19,22.355,22.943,22.325,22.704
1428,2022/5/20,22.903,22.933,21.967,22.485
1429,2022/5/23,22.704,22.843,22.495,22.753
1430,2022/5/24,22.564,22.594,22.136,22.355
1431,2022/5/25,22.156,22.763,22.156,22.634
1432,2022/5/26,22.425,23.172,22.415,23.082
1433,2022/5/27,23.172,23.68,23.172,23.68
1434,2022/5/31,23.948,23.978,23.59,23.749
1435,2022/6/1,23.928,24.058,23.231,23.341
1436,2022/6/2,23.48,24.307,23.46,24.307
1437,2022/6/3,23.879,23.988,23.58,23.64
1438,2022/6/6,24.058,24.088,23.6,23.689
1439,2022/6/7,23.401,23.899,23.321,23.879
1440,2022/6/8,23.61,23.918,23.55,23.6
1441,2022/6/9,23.5,23.6,23.012,23.012
1442,2022/6/10,22.574,22.664,22.196,22.216
1443,2022/6/13,21.29,21.429,20.881,20.941
1444,2022/6/14,20.971,21.051,20.593,20.812
1445,2022/6/15,20.941,21.419,20.682,21.2
1446,2022/6/16,20.613,20.682,20.304,20.453
1447,2022/6/17,20.543,20.832,20.383,20.632
1448,2022/6/21,20.891,21.1,20.852,20.871
1449,2022/6/22,20.543,21.041,20.503,20.822
1450,2022/6/23,20.901,20.901,20.513,20.812
1451,2022/6/24,21.041,21.499,21.021,21.499
1452,2022/6/27,21.578,21.618,21.25,21.379
1453,2022/6/28,21.439,21.588,20.891,20.901
1454,2022/6/29,20.788,20.798,20.429,20.559
1455,2022/6/30,20.219,20.449,19.91,20.279
1456,2022/7/1,20.249,20.529,20.139,20.529
1457,2022/7/5,20.069,20.668,19.97,20.668
1458,2022/7/6,20.738,20.868,20.549,20.648
1459,2022/7/7,20.918,21.287,20.818,21.277
1460,2022/7/8,21.157,21.377,20.988,21.207
1461,2022/7/11,20.928,21.018,20.589,20.618
1462,2022/7/12,20.419,20.628,20.119,20.189
1463,2022/7/13,19.91,20.279,19.77,20.099
1464,2022/7/14,19.93,20.119,19.68,20.04
1465,2022/7/15,20.279,20.479,20.119,20.479
1466,2022/7/18,20.798,20.988,20.479,20.529
1467,2022/7/19,20.988,21.267,20.838,21.257
1468,2022/7/20,21.437,21.976,21.367,21.906
1469,2022/7/21,21.956,22.325,21.901,22.325
1470,2022/7/22,22.265,22.365,21.691,21.836
1471,2022/7/25,21.666,21.666,21.457,21.596
1472,2022/7/26,21.407,21.425,21.077,21.097
1473,2022/7/27,21.437,21.996,21.367,21.916
1474,2022/7/28,21.916,22.18,21.666,22.145
1475,2022/7/29,22.205,22.495,22.056,22.475
1476,2022/8/1,22.574,22.844,22.455,22.724
1477,2022/8/2,22.455,22.949,22.385,22.604
1478,2022/8/3,22.644,23.063,22.584,22.994
1479,2022/8/4,23.083,23.188,22.914,23.183
1480,2022/8/5,22.764,23.098,22.726,23.034
1481,2022/8/8,23.014,23.263,22.864,22.934
1482,2022/8/9,22.734,22.734,22.265,22.345
1483,2022/8/10,23.034,23.353,22.999,23.343
1484,2022/8/11,23.542,23.727,23.113,23.193
1485,2022/8/12,23.393,23.712,23.333,23.712
1486,2022/8/15,23.652,23.777,23.542,23.752
1487,2022/8/16,23.503,23.632,23.233,23.503
1488,2022/8/17,23.213,23.213,22.884,23.004
1489,2022/8/18,23.014,23.083,22.894,23.004
1490,2022/8/19,22.734,22.734,22.22,22.275
1491,2022/8/22,21.896,21.928,21.537,21.566
1492,2022/8/23,21.566,21.881,21.532,21.556
1493,2022/8/24,21.566,21.861,21.537,21.726
1494,2022/8/25,21.756,22.076,21.686,22.076
1495,2022/8/26,22.066,22.066,21.17,21.177
1496,2022/8/29,20.918,21.102,20.858,20.878
1497,2022/8/30,21.038,21.147,20.559,20.678
1498,2022/8/31,20.788,20.893,20.539,20.559
1499,2022/9/1,20.169,20.179,19.745,20.099
1500,2022/9/2,20.299,20.349,19.81,19.9
1501,2022/9/6,19.97,20.01,19.7,19.8
1502,2022/9/7,19.541,20.06,19.491,20.05
1503,2022/9/8,19.93,20.369,19.83,20.369
1504,2022/9/9,20.678,20.988,20.678,20.968
1505,2022/9/12,21.167,21.262,21.063,21.207
1506,2022/9/13,20.479,20.579,20.01,20.03
1507,2022/9/14,20.01,20.084,19.82,20.01
1508,2022/9/15,19.83,20.139,19.715,19.75
1509,2022/9/16,19.59,19.59,19.244,19.391
1510,2022/9/19,19.191,19.431,19.181,19.421
1511,2022/9/20,19.211,19.371,19.092,19.211
1512,2022/9/21,19.291,19.63,18.992,18.992
1513,2022/9/22,19.002,19.017,18.533,18.613
1514,2022/9/23,18.353,18.438,18.064,18.283
1515,2022/9/26,18.253,18.563,18.103,18.173
1516,2022/9/27,18.393,18.503,18.056,18.193
1517,2022/9/28,18.263,18.727,18.173,18.662
1518,2022/9/29,18.283,18.363,17.964,18.163
1519,2022/9/30,18.103,18.513,18.044,18.044
1520,2022/10/3,18.303,18.682,18.143,18.583
1521,2022/10/4,19.022,19.491,19.022,19.491
1522,2022/10/5,19.131,19.416,18.952,19.291
1523,2022/10/6,19.241,19.474,19.111,19.141
1524,2022/10/7,18.892,18.962,18.463,18.523
1525,2022/10/10,18.523,18.543,18.123,18.243
1526,2022/10/11,18.133,18.323,17.794,18.004
1527,2022/10/12,18.064,18.084,17.834,17.974
1528,2022/10/13,17.505,18.373,17.295,18.283
1529,2022/10/14,18.303,18.383,17.624,17.634
1530,2022/10/17,18.004,18.363,18.004,18.283
1531,2022/10/18,18.722,18.862,18.353,18.533
1532,2022/10/19,18.503,18.702,18.263,18.373
1533,2022/10/20,18.363,18.752,18.278,18.293
1534,2022/10/21,18.213,18.712,18.014,18.692
1535,2022/10/24,18.603,18.777,18.408,18.722
1536,2022/10/25,18.912,19.551,18.842,19.541
1537,2022/10/26,19.441,19.98,19.411,19.561
1538,2022/10/27,19.64,19.83,19.461,19.481
1539,2022/10/28,19.361,19.74,19.281,19.74
1540,2022/10/31,19.6,19.71,19.491,19.581
1541,2022/11/1,20.199,20.219,19.72,19.76
1542,2022/11/2,19.6,19.75,18.912,18.912
1543,2022/11/3,18.642,19.052,18.613,18.832
1544,2022/11/4,19.341,19.501,19.047,19.391
1545,2022/11/7,19.561,19.69,19.401,19.64
1546,2022/11/8,19.9,20.149,19.645,19.9
1547,2022/11/9,19.67,19.731,19.361,19.381
1548,2022/11/10,20.309,20.928,20.309,20.928
1549,2022/11/11,21.237,21.761,21.207,21.716
1550,2022/11/14,21.477,21.565,21.227,21.307
1551,2022/11/15,21.726,21.856,21.397,21.626
1552,2022/11/16,21.437,21.522,21.127,21.177
1553,2022/11/17,20.808,21.038,20.758,20.948
1554,2022/11/18,21.127,21.147,20.728,20.868
1555,2022/11/21,20.638,20.778,20.589,20.638
1556,2022/11/22,20.698,20.928,20.579,20.928
1557,2022/11/23,20.958,21.287,20.958,21.247
1558,2022/11/25,21.217,21.327,21.171,21.327
1559,2022/11/28,21.187,21.197,20.858,20.898
1560,2022/11/29,20.798,20.918,20.618,20.638
1561,2022/11/30,20.678,21.387,20.579,21.387
1562,2022/12/1,21.676,21.736,21.387,21.696
1563,2022/12/2,21.317,21.726,21.207,21.676
1564,2022/12/5,21.537,21.624,21.197,21.247
1565,2022/12/6,21.227,21.247,20.723,20.828
1566,2022/12/7,20.768,20.978,20.698,20.798
1567,2022/12/8,20.868,21.197,20.736,21.167
1568,2022/12/9,21.167,21.412,21.107,21.107
1569,2022/12/12,21.137,21.447,21.132,21.447
1570,2022/12/13,21.876,22.335,21.716,21.906
1571,2022/12/14,21.836,22.046,21.447,21.756
1572,2022/12/15,21.447,21.506,20.858,20.888
1573,2022/12/16,20.798,21.122,20.758,20.918
1574,2022/12/19,20.968,20.978,20.643,20.688
1575,2022/12/20,20.579,20.859,20.559,20.708
1576,2022/12/21,20.798,21.058,20.741,20.998
1577,2022/12/22,20.718,20.718,20.189,20.479
1578,2022/12/23,20.449,20.549,20.309,20.479
1579,2022/12/27,20.519,20.557,20.199,20.239
1580,2022/12/28,20.249,20.369,19.98,20.01
1581,2022/12/29,20.419,20.728,20.169,20.678
1582,2022/12/30,20.469,20.549,20.339,20.509
1583,2023/1/3,20.868,21.008,20.459,20.608
1584,2023/1/4,20.828,20.968,20.648,20.918
1585,2023/1/5,20.738,20.772,20.544,20.608
1586,2023/1/6,20.878,21.247,20.579,21.197
1587,2023/1/9,21.534,21.846,21.397,21.527
1588,2023/1/10,21.487,21.666,21.407,21.666
1589,2023/1/11,21.896,22.105,21.826,22.095
1590,2023/1/12,22.335,22.395,21.826,22.395
1591,2023/1/13,22.135,22.455,22.056,22.445
1592,2023/1/17,22.654,22.794,22.485,22.794
1593,2023/1/18,23.103,23.193,22.604,22.604
1594,2023/1/19,22.465,22.565,22.285,22.355
1595,2023/1/20,22.515,22.824,22.295,22.824
1596,2023/1/23,22.884,23.273,22.769,23.243
1597,2023/1/24,23.153,23.318,23.058,23.173
1598,2023/1/25,22.914,23.253,22.754,23.203
1599,2023/1/26,23.373,23.453,23.088,23.433
1600,2023/1/27,23.363,23.827,23.363,23.722
1601,2023/1/30,23.692,23.787,23.403,23.403
1602,2023/1/31,23.503,23.752,23.323,23.752
1603,2023/2/1,23.752,24.648,23.752,24.531
1604,2023/2/2,24.94,25.054,24.59,24.9
1605,2023/2/3,24.58,24.83,24.361,24.501
1606,2023/2/6,24.151,24.346,24.042,24.131
1607,2023/2/7,24.281,24.65,24.057,24.61
1608,2023/2/8,24.59,24.63,24.201,24.231
1609,2023/2/9,24.61,24.68,23.947,23.972
1610,2023/2/10,23.902,23.982,23.683,23.822
1611,2023/2/13,23.862,24.032,23.692,23.952
1612,2023/2/14,23.882,24.261,23.612,24.201
1613,2023/2/15,23.972,24.271,23.862,24.231
1614,2023/2/16,23.952,24.171,23.772,23.902
1615,2023/2/17,23.612,23.662,23.346,23.533
1616,2023/2/21,23.293,23.353,22.884,22.884
1617,2023/2/22,22.874,23.063,22.744,22.864
1618,2023/2/23,23.403,23.542,23.113,23.413
1619,2023/2/24,23.193,23.223,23.014,23.193
1620,2023/2/27,23.592,23.672,23.463,23.503
1621,2023/2/28,23.542,23.682,23.463,23.493
1622,2023/3/1,23.702,23.762,23.483,23.552
1623,2023/3/2,23.333,23.672,23.253,23.622
1624,2023/3/3,23.742,24.411,23.712,24.361
1625,2023/3/6,24.56,24.56,24.241,24.251
1626,2023/3/7,24.291,24.341,23.844,23.862
1627,2023/3/8,24.052,24.151,23.902,24.151
1628,2023/3/9,24.311,24.405,23.732,23.752
1629,2023/3/10,23.802,23.802,23.173,23.243
1630,2023/3/13,22.914,23.513,22.834,23.263
1631,2023/3/14,23.622,23.712,23.393,23.662
1632,2023/3/15,23.093,23.413,22.754,23.113
1633,2023/3/16,23.233,23.952,23.233,23.942
1634,2023/3/17,23.792,23.972,23.607,23.712
1635,2023/3/20,23.822,24.047,23.777,24.002
1636,2023/3/21,24.231,24.506,24.111,24.461
1637,2023/3/22,24.61,24.805,24.166,24.181
1638,2023/3/23,24.481,24.705,24.216,24.401
1639,2023/3/24,24.321,24.331,24.087,24.311
1640,2023/3/27,24.451,24.531,24.306,24.431
1641,2023/3/28,24.421,24.451,24.206,24.311
1642,2023/3/29,24.59,24.78,24.511,24.78
1643,2023/3/30,25.01,25.034,24.87,24.98
1644,2023/3/31,25.109,25.459,25.0,25.449
1645,2023/4/3,25.359,25.409,25.139,25.409
1646,2023/4/4,25.419,25.429,24.95,25.019
1647,2023/4/5,24.783,24.81,24.391,24.54
1648,2023/4/6,24.361,24.536,24.206,24.451
1649,2023/4/10,24.341,24.64,24.221,24.64
1650,2023/4/11,24.72,24.79,24.58,24.68
1651,2023/4/12,24.95,25.0,24.57,24.59
1652,2023/4/13,24.84,25.045,24.73,25.0
1653,2023/4/14,24.91,25.049,24.642,24.84
1654,2023/4/17,24.95,25.0,24.73,24.93
1655,2023/4/18,25.149,25.149,24.95,25.049
1656,2023/4/19,24.94,25.099,24.935,25.069
1657,2023/4/20,24.93,25.139,24.85,24.95
1658,2023/4/21,25.069,25.159,24.872,25.149
1659,2023/4/24,25.029,25.169,24.935,25.059
1660,2023/4/25,24.95,24.983,24.57,24.57
1661,2023/4/26,24.75,24.75,24.431,24.481
1662,2023/4/27,24.67,24.95,24.64,24.95
1663,2023/4/28,24.72,24.9,24.575,24.86
1664,2023/5/1,25.01,25.149,24.95,25.069
1665,2023/5/2,25.0,25.069,24.595,24.73
1666,2023/5/3,24.74,25.059,24.69,24.81
1667,2023/5/4,24.82,24.935,24.74,24.87
1668,2023/5/5,25.089,25.304,24.98,25.249
1669,2023/5/8,25.319,25.319,25.029,25.269
1670,2023/5/9,25.149,25.279,25.109,25.229
1671,2023/5/10,25.449,25.598,25.275,25.519
1672,2023/5/11,25.598,25.598,25.284,25.429
1673,2023/5/12,25.529,25.539,25.159,25.309
1674,2023/5/15,25.459,25.688,25.279,25.678
1675,2023/5/16,25.588,25.698,25.449,25.598
1676,2023/5/17,25.638,25.868,25.449,25.848
1677,2023/5/18,25.948,26.397,25.948,26.377
1678,2023/5/19,26.616,26.621,26.447,26.526
1679,2023/5/22,26.526,26.876,26.327,26.786
1680,2023/5/23,26.526,26.636,26.167,26.167
1681,2023/5/24,26.047,26.187,25.908,26.087
1682,2023/5/25,27.016,27.085,26.636,26.876
1683,2023/5/26,26.976,27.405,26.836,27.335
1684,2023/5/30,27.784,27.939,27.49,27.724
1685,2023/5/31,27.455,27.485,27.01,27.225
1686,2023/6/1,27.245,27.854,27.095,27.764
1687,2023/6/2,28.233,28.333,28.013,28.163
1688,2023/6/5,28.313,28.502,28.148,28.383
1689,2023/6/6,28.443,28.642,28.243,28.622
1690,2023/6/7,28.562,28.619,27.944,27.944
1691,2023/6/8,27.884,28.173,27.759,28.153
1692,2023/6/9,28.363,28.547,28.138,28.283
1693,2023/6/12,28.562,28.772,28.473,28.752
1694,2023/6/13,29.121,29.321,28.892,29.241
1695,2023/6/14,29.281,29.451,28.972,29.361
1696,2023/6/15,29.271,29.76,29.121,29.66
1697,2023/6/16,29.93,29.94,29.51,29.53
1698,2023/6/20,29.391,29.391,28.972,29.221
1699,2023/6/21,29.221,29.221,28.692,28.882
1700,2023/6/22,28.522,28.762,28.393,28.642
1701,2023/6/23,28.053,28.133,27.809,27.884
1702,2023/6/26,27.954,28.158,27.674,27.704
1703,2023/6/27,27.854,28.173,27.659,28.123
1704,2023/6/28,28.057,28.453,28.043,28.353
1705,2023/6/29,28.366,28.416,28.178,28.296
1706,2023/6/30,28.616,28.906,28.606,28.736
1707,2023/7/3,28.916,28.946,28.776,28.866
1708,2023/7/5,28.586,28.676,28.436,28.526
1709,2023/7/6,28.176,28.176,27.636,27.946
1710,2023/7/7,27.946,28.486,27.896,28.206
1711,2023/7/10,28.076,28.566,28.076,28.566
1712,2023/7/11,28.746,28.896,28.626,28.886
1713,2023/7/12,29.096,29.303,29.056,29.246
1714,2023/7/13,29.646,29.916,29.526,29.866
1715,2023/7/14,29.806,29.866,29.326,29.406
1716,2023/7/17,29.496,29.836,29.326,29.776
1717,2023/7/18,29.956,30.196,29.711,30.126
1718,2023/7/19,30.256,30.256,29.846,29.936
1719,2023/7/20,29.726,29.726,29.046,29.126
1720,2023/7/21,29.206,29.346,28.906,28.936
1721,2023/7/24,29.086,29.096,28.676,28.716
1722,2023/7/25,28.836,29.206,28.751,29.056
1723,2023/7/26,29.076,29.381,28.916,29.246
1724,2023/7/27,29.726,29.776,28.886,28.966
1725,2023/7/28,29.266,29.266,28.946,29.066
1726,2023/7/31,29.016,29.146,28.856,29.136
1727,2023/8/1,28.876,28.896,28.438,28.726
1728,2023/8/2,28.266,28.276,27.506,27.706
1729,2023/8/3,27.436,27.716,27.246,27.556
1730,2023/8/4,27.866,27.936,27.481,27.526
1731,2023/8/7,27.726,27.726,27.396,27.606
1732,2023/8/8,27.316,27.316,26.946,27.116
1733,2023/8/9,26.971,26.986,26.406,26.516
1734,2023/8/10,26.756,27.026,26.476,26.566
1735,2023/8/11,26.366,26.446,26.196,26.286
1736,2023/8/14,26.156,26.586,26.016,26.586
1737,2023/8/15,26.476,26.636,26.276,26.286
1738,2023/8/16,26.186,26.216,25.806,25.806
1739,2023/8/17,25.876,25.926,25.316,25.376
1740,2023/8/18,25.106,25.496,25.096,25.416
1741,2023/8/21,25.456,25.746,25.316,25.696
1742,2023/8/22,25.966,25.966,25.516,25.566
1743,2023/8/23,25.746,26.167,25.701,26.106
1744,2023/8/24,26.386,26.386,25.626,25.646
1745,2023/8/25,25.736,25.996,25.411,25.776
1746,2023/8/28,26.006,26.171,25.871,26.126
1747,2023/8/29,26.006,26.633,25.906,26.606
1748,2023/8/30,26.706,26.916,26.606,26.826
1749,2023/8/31,26.886,26.956,26.666,26.726
1750,2023/9/1,26.996,27.046,26.646,26.726
1751,2023/9/5,26.696,26.696,26.451,26.576
1752,2023/9/6,26.526,26.696,26.301,26.456
1753,2023/9/7,26.206,26.206,25.886,26.146
1754,2023/9/8,26.086,26.136,25.836,25.866
1755,2023/9/11,26.056,26.056,25.746,25.956
1756,2023/9/12,25.736,25.996,25.646,25.786
1757,2023/9/13,25.656,25.756,25.546,25.626
1758,2023/9/14,25.876,25.935,25.636,25.786
1759,2023/9/15,25.746,25.786,25.336,25.416
1760,2023/9/18,25.296,25.577,25.296,25.506
1761,2023/9/19,25.456,25.456,25.196,25.366
1762,2023/9/20,25.566,25.666,25.061,25.086
1763,2023/9/21,24.747,24.747,24.447,24.457
1764,2023/9/22,24.647,24.747,24.497,24.567
1765,2023/9/25,24.407,24.617,24.327,24.617
1766,2023/9/26,24.297,24.417,24.087,24.117
1767,2023/9/27,24.357,24.507,24.142,24.407
1768,2023/9/28,24.547,24.817,24.387,24.707
1769,2023/9/29,25.026,25.051,24.652,24.717
1770,2023/10/2,24.797,24.897,24.602,24.697
1771,2023/10/3,24.407,24.537,24.027,24.137
1772,2023/10/4,24.237,24.37,24.017,24.347
1773,2023/10/5,24.377,24.487,24.204,24.427
1774,2023/10/6,24.177,24.767,24.127,24.727
1775,2023/10/9,24.527,24.677,24.322,24.597
1776,2023/10/10,24.657,25.046,24.657,24.897
1777,2023/10/11,24.927,24.996,24.582,24.757
1778,2023/10/12,24.927,24.996,24.49,24.527
1779,2023/10/13,24.527,24.647,24.207,24.287
1780,2023/10/16,24.207,24.537,24.177,24.497
1781,2023/10/17,24.217,24.667,24.117,24.477
1782,2023/10/18,24.127,24.157,23.682,23.707
1783,2023/10/19,23.737,23.892,23.467,23.517
1784,2023/10/20,23.297,23.347,22.977,23.047
1785,2023/10/23,22.867,23.357,22.777,23.147
1786,2023/10/24,23.197,23.387,23.137,23.327
1787,2023/10/25,23.247,23.327,22.737,22.737
1788,2023/10/26,22.617,22.797,22.273,22.407
1789,2023/10/27,22.627,22.627,22.257,22.337
1790,2023/10/30,22.607,22.698,22.397,22.527
1791,2023/10/31,22.557,22.817,22.467,22.767
1792,2023/11/1,22.817,23.107,22.769,23.097
1793,2023/11/2,23.557,23.877,23.547,23.847
1794,2023/11/3,24.207,24.507,24.107,24.447
1795,2023/11/6,24.727,24.727,24.282,24.427
1796,2023/11/7,24.267,24.497,24.227,24.387
1797,2023/11/8,24.297,24.427,24.187,24.307
1798,2023/11/9,24.617,24.737,24.157,24.187
1799,2023/11/10,24.317,24.567,24.157,24.567
1800,2023/11/13,24.487,24.662,24.367,24.607
1801,2023/11/14,25.296,25.546,25.207,25.526
1802,2023/11/15,25.726,25.911,25.55,25.636
1803,2023/11/16,25.536,25.686,25.451,25.676
1804,2023/11/17,25.786,25.906,25.746,25.846
1805,2023/11/20,25.976,26.316,25.922,26.226
1806,2023/11/21,26.226,26.346,26.146,26.256
1807,2023/11/22,26.396,26.476,26.066,26.246
1808,2023/11/24,26.196,26.286,26.136,26.236
1809,2023/11/27,26.186,26.284,26.086,26.246
1810,2023/11/28,26.136,26.286,26.056,26.156
1811,2023/11/29,26.436,26.686,26.436,26.526
1812,2023/11/30,26.706,26.706,26.356,26.426
1813,2023/12/1,26.376,27.031,26.316,27.026
1814,2023/12/4,26.686,26.866,26.479,26.716
1815,2023/12/5,26.556,26.646,26.386,26.566
1816,2023/12/6,26.796,26.846,26.346,26.356
1817,2023/12/7,26.396,26.554,26.236,26.546
1818,2023/12/8,26.506,26.766,26.376,26.716
1819,2023/12/11,26.726,26.871,26.666,26.836
1820,2023/12/12,26.796,26.976,26.676,26.976
1821,2023/12/13,27.006,27.486,26.731,27.436
1822,2023/12/14,27.706,28.026,27.616,27.916
1823,2023/12/15,28.236,28.436,28.126,28.186
1824,2023/12/18,28.206,28.321,28.066,28.246
1825,2023/12/19,28.426,28.596,28.396,28.586
1826,2023/12/20,28.626,28.636,27.896,27.906
1827,2023/12/21,28.336,28.496,28.181,28.496
1828,2023/12/22,28.606,28.606,28.251,28.386
1829,2023/12/26,28.466,28.656,28.396,28.606
1830,2023/12/27,28.716,28.716,28.536,28.686
1831,2023/12/28,28.76,28.85,28.68,28.72
1832,2023/12/29,28.74,28.77,28.39,28.5
1833,2024/1/2,28.22,28.22,27.625,27.71
1834,2024/1/3,27.32,27.37,26.9,26.93
1835,2024/1/4,26.88,27.055,26.74,26.87
1836,2024/1/5,26.76,27.077,26.69,26.84
1837,2024/1/8,26.99,27.72,26.97,27.7
1838,2024/1/9,27.65,27.91,27.48,27.73
1839,2024/1/10,28.12,28.465,28.12,28.41
1840,2024/1/11,28.69,28.78,28.29,28.68
1841,2024/1/12,28.93,29.095,28.75,28.79
1842,2024/1/16,28.66,28.78,28.461,28.59
1843,2024/1/17,28.21,28.21,27.8,28.14
1844,2024/1/18,28.45,28.46,28.145,28.45
1845,2024/1/19,28.49,28.72,28.22,28.71
1846,2024/1/22,28.96,29.24,28.96,29.07
1847,2024/1/23,29.15,29.18,28.885,29.05
1848,2024/1/24,29.27,29.3,28.845,28.86
1849,2024/1/25,29.09,29.24,28.882,29.0
1850,2024/1/26,29.05,29.325,29.04,29.2
1851,2024/1/29,29.07,29.56,28.99,29.56
1852,2024/1/30,29.46,29.47,29.2,29.23
1853,2024/1/31,29.01,29.14,28.57,28.58
1854,2024/2/1,28.83,29.14,28.705,29.13
1855,2024/2/2,29.03,29.42,28.9,29.39
1856,2024/2/5,29.31,29.38,29.0,29.3
1857,2024/2/6,29.2,29.2,28.765,29.07
1858,2024/2/7,29.11,29.35,29.0,29.32
1859,2024/2/8,29.32,29.47,29.13,29.37
1860,2024/2/9,29.59,29.95,29.53,29.91
1861,2024/2/12,30.0,30.32,29.86,29.99
1862,2024/2/13,29.23,29.63,28.85,29.28
1863,2024/2/14,29.7,29.9,29.51,29.89
1864,2024/2/15,30.13,30.24,30.015,30.14
1865,2024/2/16,30.3,30.3,29.84,29.97
1866,2024/2/20,30.07,30.08,29.555,29.82
1867,2024/2/21,29.67,29.67,29.24,29.46
1868,2024/2/22,30.58,30.8,30.38,30.76
1869,2024/2/23,30.97,31.14,30.61,30.73
1870,2024/2/26,31.18,31.18,30.88,31.01
1871,2024/2/27,31.33,31.34,30.97,31.14
1872,2024/2/28,31.0,31.02,30.69,30.81
1873,2024/2/29,31.1,31.338,30.98,31.18
1874,2024/3/1,31.38,31.761,31.13,31.74
1875,2024/3/4,32.03,32.265,31.88,31.97
1876,2024/3/5,31.97,32.045,31.51,31.7
1877,2024/3/6,32.26,32.58,32.04,32.35
1878,2024/3/7,32.69,32.92,32.51,32.89
1879,2024/3/8,33.26,33.595,32.27,32.38
1880,2024/3/11,32.16,32.16,31.78,31.84
1881,2024/3/12,31.98,32.35,31.6,32.35
1882,2024/3/13,32.175,32.21,31.94,32.08
1883,2024/3/14,32.11,32.11,31.33,31.56
1884,2024/3/15,31.52,31.79,31.455,31.65
1885,2024/3/18,32.09,32.19,31.82,31.87
1886,2024/3/19,31.61,31.95,31.365,31.89
1887,2024/3/20,31.98,32.32,31.795,32.27
1888,2024/3/21,32.48,32.51,32.22,32.24
1889,2024/3/22,32.19,32.2,31.95,32.14
1890,2024/3/25,31.87,32.075,31.78,31.94
1891,2024/3/26,32.19,32.2,31.9,31.92
1892,2024/3/27,32.02,32.03,31.55,31.82
1893,2024/3/28,31.81,31.948,31.77,31.81
1894,2024/4/1,31.84,31.99,31.54,31.63
1895,2024/4/2,31.16,31.16,30.875,31.05
1896,2024/4/3,30.91,31.225,30.775,31.09
1897,2024/4/4,31.3,31.359,30.57,30.57
1898,2024/4/5,30.51,30.84,30.38,30.7
1899,2024/4/8,30.84,30.888,30.665,30.77
1900,2024/4/9,31.02,31.07,30.705,31.02
1901,2024/4/10,30.49,30.73,30.411,30.55
1902,2024/4/11,30.67,30.92,30.47,30.89
1903,2024/4/12,30.59,30.59,29.98,30.09
1904,2024/4/15,30.34,30.4,29.45,29.51
1905,2024/4/16,29.37,29.6,29.19,29.41
1906,2024/4/17,29.45,29.55,29.01,29.08
1907,2024/4/18,29.31,29.54,29.102,29.24
1908,2024/4/19,29.09,29.2,28.575,28.65
1909,2024/4/22,28.98,29.24,28.75,29.11
1910,2024/4/23,29.16,29.71,29.16,29.64
1911,2024/4/24,29.82,29.91,29.404,29.56
1912,2024/4/25,28.95,29.407,28.91,29.34
1913,2024/4/26,29.71,30.145,29.71,30.08
